Abbrecherquote,Abbruchquote,,,,,,,,,,,,,,,,,,,,,
Abgänger,absolvierende Person,Abschluss innehabende Person,,,,,,,,,,,,,,,,,,,,
Abiturient,Abitur ablegende Person,"Person, die Abitur macht",,,,,,,,,,,,,,,,,,,,
Abkömmling,abstammende Person,nachkommende Person,Kind,Kindeskind,Person gleicher Abstammung,,,,,,,,,,,,,,,,,
Abnehmer,Abnehmende,,,,,,,,,,,,,,,,,,,,,
Abonnent,Bezugsperson,medienbeziehende Person,ein Abonnement beziehende Person,,,,,,,,,,,,,,,,,,,
Abonnenten,Abonnement-Beziehende,Abonnierende,Followers,Follis,,,,,,,,,,,,,,,,,,
Absender,abgesandt durch ...,absendende Person,von ... ,,,,,,,,,,,,,,,,,,,
Absolventen,Abschluss innehabende Person,Person mit Abschluss,,,,,,,,,,,,,,,,,,,,
Absolventenpraktikum,Praktikum (direkt) nach Studienabschluss,,,,,,,,,,,,,,,,,,,,,
Abteilungsleiter,Abteilungsleitungen,Abteilungsleitende,,,,,,,,,,,,,,,,,,,,
Abteilungsleitertreffen,Treffen der Abteilungsleitungen,Treffen der Leitungsebene,,,,,,,,,,,,,,,,,,,,
Administrator,Administration,Admin,,,,,,,,,,,,,,,,,,,,
Administratoren,Administration,Admins,Administrierende,,,,,,,,,,,,,,,,,,,
Adressat,adressierte Person,an ... ,,,,,,,,,,,,,,,,,,,,
Adressatenkreis,Zielgruppe,,,,,,,,,,,,,,,,,,,,,
Agentenfilm,Spionagefilm,,,,,,,,,,,,,,,,,,,,,
Agententhriller,Spionagethriller,,,,,,,,,,,,,,,,,,,,,
Akademiker,Studierte,Personen mit Hochschulabschluss,,,,,,,,,,,,,,,,,,,,
Akteure,Beteiligte,Agierende,Handelnde,Aktive,,,,,,,,,,,,,,,,,,
Akteursnetzwerk,Netzwerk von Engagierten,Netzwerk von Aktiven,,,,,,,,,,,,,,,,,,,,
Aktionär,Person mit Aktienbesitz,,,,,,,,,,,,,,,,,,,,,
Aktionäre,Aktien-/Anteilshabende,,,,,,,,,,,,,,,,,,,,,
Aktionärsversammlung,Versammlung von Personen mit Aktienbesitz,Versammlung von Anteilshabenden,,,,,,,,,,,,,,,,,,,,
Aktivist,engagierte Person,politisch aktiver Mensch,,,,,,,,,,,,,,,,,,,,
Aktivisten,engagierte Personen,politisch aktive Menschen,zielstrebig Handelnde,,,,,,,,,,,,,,,,,,,
Alkoholiker,Alkoholsüchtige,Menschen mit Alkoholsucht,,,,,,,,,,,,,,,,,,,,
Allergiker,Menschen mit Allergie,Allergiegeplagte,allergieleidende Personen,,,,,,,,,,,,,,,,,,,
Alleskönner,Multitalent,Universalgenie,vielseitig begabter Mensch,,,,,,,,,,,,,,,,,,,
Allgemeinmediziner,Allgemeinmedizin praktizierende Person,,,,,,,,,,,,,,,,,,,,,
Alltagshelden,Tag versüßende Personen,Ehrenamtliche,Zivilcourage leistende Personen,,,,,,,,,,,,,,,,,,,
Alltagshelfer,Alltagshilfe,,,,,,,,,,,,,,,,,,,,,
Alpinisten,bergsteigende Personen,bergbesteigende Personen,Bergsteigende,Bergkletternde,,,,,,,,,,,,,,,,,,
Älpler,Alpwirtschaft Betreibende,,,,,,,,,,,,,,,,,,,,,
Altenpfleger,Pflegefachkraft,Pflegefachperson,Altenpflegeperson,Krankenpflegeperson,Fachkraft für Altenpflege,,,,,,,,,,,,,,,,,
Altersgenossen,gleich Alte,Menschen derselben Altersgruppe,Gleichaltrige,Peer group,,,,,,,,,,,,,,,,,,
Ältestenrat,Rat weiser Menschen,Rat der Erfahrenen,Beratungsgruppe der ältesten Menschen,Gremium der ältesten Menschen,,,,,,,,,,,,,,,,,,
Altkanzler,ehemalige Regierungsoberhäupter,,,,,,,,,,,,,,,,,,,,,
Alumni,Ehemalige,,,,,,,,,,,,,,,,,,,,,
Amateur,Neuling,Person ohne Vorkenntnisse,,,,,,,,,,,,,,,,,,,,
Amateure,Anfangende,Beginnende,,,,,,,,,,,,,,,,,,,,
Ampelmännchen,Ampelfiguren,Ampelfigürchen,,,,,,,,,,,,,,,,,,,,
Analphabet,leseunfähige Person,leseunkundige Person,Person ohne Lesefähigkeit,des Lesens nicht mächtige Person,des Lesens unkundige Person,"Person, die nicht lesen und schreiben kann",,,,,,,,,,,,,,,,
Analytiker,Analysierende,,,,,,,,,,,,,,,,,,,,,
Anbieter,Angebot (von ...),Herstellung,Anbietende,,,,,,,,,,,,,,,,,,,
Anfänger,Unerfahrene,Menschen ohne Vorkenntnisse,Menschen ohne Vorerfahrung,Beginnende,Neulinge,,,,,,,,,,,,,,,,,
Anfängerkurs,Einstiegskurs,Grundkurs,Kurs für Menschen ohne Vorkenntnisse,Kurs für Menschen ohne Vorerfahrung,,,,,,,,,,,,,,,,,,
Anforderer,anfordernde Person/Abteilung,,,,,,,,,,,,,,,,,,,,,
Angesprochener,angesprochene Person,kontaktierte Person,,,,,,,,,,,,,,,,,,,,
Angler,Angelnde,,,,,,,,,,,,,,,,,,,,,
Angreifer,Angreifende,,,,,,,,,,,,,,,,,,,,,
Anhänger,Fans,Begeisterte,Gleichgesinnte,Unterstützende,Sympathisierende,"sich (einer Bewegung, einem Verein) Zuordnende",Zugehörige (einer Bewegung),Mitwirkende,Befürwortende,,,,,,,,,,,,,
Anhängerschaft,Gefolgschaft,,,,,,,,,,,,,,,,,,,,,
Animateur,Freizeitbetreuungsperson,,,,,,,,,,,,,,,,,,,,,
Animateure,Animierende,,,,,,,,,,,,,,,,,,,,,
Ankläger,anklagende Person,"Person, die Anklage erhebt","Person, die anklagt",,,,,,,,,,,,,,,,,,,
Anleger,Anlegende,,,,,,,,,,,,,,,,,,,,,
Anleiter,anleitende Person,Anleitung,,,,,,,,,,,,,,,,,,,,
Anlieger,Anliegende,anwohnende Personen,Anwohnende,,,,,,,,,,,,,,,,,,,
Anordner,"Anordnung, anordnende Person",,,,,,,,,,,,,,,,,,,,,
Anrainer,Person nebenan,"Person, die nebenan wohnt","Person, der das Grundstück nebenan gehört",,,,,,,,,,,,,,,,,,,
Anrufer,Anrufende,,,,,,,,,,,,,,,,,,,,,
Antagonist,widerstreitende Person,Counterpart,Konkurrenz,gegenhandelnde Person,,,,,,,,,,,,,,,,,,
Anteilseigner,Anteilsinhabende,,,,,,,,,,,,,,,,,,,,,
Antisemit,antisemitisch eingestellte Person,,,,,,,,,,,,,,,,,,,,,
Anwalt,Rechtsvertretung,gesetzliche Vertretung in Rechtsangelegenheiten,Mitglied der Anwaltschaft,,,,,,,,,,,,,,,,,,,
Anwaltskosten,Kosten für die Rechtsvertretung,,,,,,,,,,,,,,,,,,,,,
Anwärter,Person im Vorbereitungsdienst,,,,,,,,,,,,,,,,,,,,,
Anwender,Nutzende,Anwendende,"Personen, die ... anwenden",Anwendung,,,,,,,,,,,,,,,,,,
anwenderbezogen,anwendungsbezogen,praxisbezogen,verwendungsbezogen,menschbezogen,,,,,,,,,,,,,,,,,,
Anwenderfreundlichkeit,Verwendungsfreundlichkeit,,,,,,,,,,,,,,,,,,,,,
Anwohner,"alle, die in dieser Straße wohnen",Anwohnende,Nachbarschaft,,,,,,,,,,,,,,,,,,,
Apotheker,(approbierte) Arzneikundige,approbierte pharmazeutische Fachkräfte,,,,,,,,,,,,,,,,,,,,
Arbeiter,Erwerbstätige,Belegschaft,Beschäftigte,Arbeitskräfte,,,,,,,,,,,,,,,,,,
Arbeiterklasse,arbeitende Klasse,,,,,,,,,,,,,,,,,,,,,
Arbeitgeber,Arbeitgebende,Betriebe,Unternehmen,,,,,,,,,,,,,,,,,,,
Arbeitgeberattraktivität,Arbeitsplatzattraktivität,,,,,,,,,,,,,,,,,,,,,
Arbeitgebermarke,Unternehmensmarke,Employer Branding,,,,,,,,,,,,,,,,,,,,
Arbeitgebermarketing,Marketing für Arbeitgebende,,,,,,,,,,,,,,,,,,,,,
Arbeitgebervorteile,Firmenvorteile,Unternehmensvorteile,,,,,,,,,,,,,,,,,,,,
Arbeitnehmer,Beschäftigte,Arbeitskräfte,Belegschaft,Personal,,,,,,,,,,,,,,,,,,
Arbeitnehmervertreter,Arbeitnehmendenvertretung,Betriebsrat,Personalrat,Beschäftigtenvertretung,,,,,,,,,,,,,,,,,,
Arbeitsdirektor,Arbeitsdirektion,,,,,,,,,,,,,,,,,,,,,
Arbeitskollegen,Teammitglieder,,,,,,,,,,,,,,,,,,,,,
Archäologen,in der Archäologie tätige Person,,,,,,,,,,,,,,,,,,,,,
Architekt,Architekturschaffende Person,Baukunstgestaltende Person,,,,,,,,,,,,,,,,,,,,
Architekten ,Architekturschaffende,,,,,,,,,,,,,,,,,,,,,
Archivar,Fachkraft für Archivwesen,,,,,,,,,,,,,,,,,,,,,
Archivare,Archivierende,,,,,,,,,,,,,,,,,,,,,
Arzt,Person im ärztlichen Dienst,ärztliches Fachpersonal,,,,,,,,,,,,,,,,,,,,
Arztausweis,ärztlicher Ausweis,,,,,,,,,,,,,,,,,,,,,
Ärzte,ärztliches (Fach-)Personal,(ggf. Ärzteschaft),,,,,,,,,,,,,,,,,,,,
Arztbesuch,ärztlicher Kontakt,ärztliche Sprechstunde,Besuch der ärztlichen Sprechstunde,ärztliche Visite,,,,,,,,,,,,,,,,,,
Arztbrief,Entlassungsbrief,Entlassbericht,ärztlicher/medizinischer (Abschluss-)Bericht,ärztliche Epikrise,ärztlicher Brief,(ärztlicher) Befundbericht,ärztliches Informationsschreiben,ärztliche Information,,,,,,,,,,,,,,
Arztgeheimnis,ärztliche Schweigepflicht,,,,,,,,,,,,,,,,,,,,,
Arzthelferinnen,Medizinische Fachangestellte,medizinsches Fachpersonal,,,,,,,,,,,,,,,,,,,,
Arztkosten,(ärztliche) Behandlungskosten,Kosten für medizinische Leistungen,,,,,,,,,,,,,,,,,,,,
Arzt-Patienten-Kommunikation,Kommunikation zwischen behandelnder und behandelter Person,behandlungsbezogene Kommunikation,,,,,,,,,,,,,,,,,,,,
Arzt-Patienten-Verhältnis,ärztliches Vertrauensverhältnis,medizinisches Behandlungsverhältnis,,,,,,,,,,,,,,,,,,,,
Arztpraxis,Praxis für ...-medizin (z.B. Praxis für Allgemeinmedizin),ärztliche Praxis,,,,,,,,,,,,,,,,,,,,
Arzttermin,Behandlungstermin,Vorsorgetermin,ärztlicher Termin,,,,,,,,,,,,,,,,,,,
Arztwahl,Wahl des ärztlichen Fachpersonals,,,,,,,,,,,,,,,,,,,,,
Arztzeugnis,ärztliches Zeugnis,,,,,,,,,,,,,,,,,,,,,
Arztzimmer,Behandlungszimmer,Konsultationszimmer,Zimmer/Raum,Büro Arztliches Personal,,,,,,,,,,,,,,,,,,
Aspirant,bewerbende Person,,,,,,,,,,,,,,,,,,,,,
Assessor,sachverständige Person,taxierende Person,einschätzende Person,schadensachverständige Person,,,,,,,,,,,,,,,,,,
Assessoren,Sachverständige,Taxierende,Einschätzende,Schadensachverständige,,,,,,,,,,,,,,,,,,
Assistent,Assistenz,,,,,,,,,,,,,,,,,,,,,
Assistenzarzt,Person in fachärztlicher Weiterbildung,ärztliches Fachpersonal in Weiterbildung,,,,,,,,,,,,,,,,,,,,
Astronaut,ins Weltall reisende Person,,,,,,,,,,,,,,,,,,,,,
Astronauten,Weltraumreisende,Menschen im All,,,,,,,,,,,,,,,,,,,,
Asylbewerber,Asylsuchende,Personen im Asylverfahren,,,,,,,,,,,,,,,,,,,,
Atheist,atheistische Person,religionsfreie Person,nichtgläubige Person,irreligiöse Person,glaubenslose Person,areligiöse Person,,,,,,,,,,,,,,,,
Athlet,sporttreibende Person,,,,,,,,,,,,,,,,,,,,,
Athleten,Sporttreibende,Wettkämpfende,,,,,,,,,,,,,,,,,,,,
Auditor,auditdurchführende Person,,,,,,,,,,,,,,,,,,,,,
Auftraggeber,Auftraggebende,auftraggebende Personen,in Auftrag gegeben von ... ,,,,,,,,,,,,,,,,,,,
Auftragnehmer,Auftragnehmende,,,,,,,,,,,,,,,,,,,,,
Augenzeuge,beobachtende Person,,,,,,,,,,,,,,,,,,,,,
Augenzeugen,Beobachtende,,,,,,,,,,,,,,,,,,,,,
Aupairmädchen,Aupair,,,,,,,,,,,,,,,,,,,,,
Ausländerbehörde,Migrationsamt/-stelle,Zuwanderungsamt/-stelle,,,,,,,,,,,,,,,,,,,,
Aussiedler,ausgesiedelte Personen,,,,,,,,,,,,,,,,,,,,,
Ausstatter,ausstattende Person,,,,,,,,,,,,,,,,,,,,,
Aussteller,Präsentierende,Ausstellende,,,,,,,,,,,,,,,,,,,,
Ausstellerausweis,Ausweis der Ausstellenden,Ausweis der ausstellenden Person,,,,,,,,,,,,,,,,,,,,
Ausstellerliste,Liste der Ausstellenden,Ausstellendenliste,,,,,,,,,,,,,,,,,,,,
Auswanderer,Auswandernde,Ausgewanderte,,,,,,,,,,,,,,,,,,,,
Ausweisinhaber,Ausweis inhabende Person,,,,,,,,,,,,,,,,,,,,,
Autofahrer,Autofahrende,Personen am Steuer,,,,,,,,,,,,,,,,,,,,
Autohersteller,Automobilkonzerne,Autoherstellende,Autobauende,,,,,,,,,,,,,,,,,,,
Autor,bücherschreibende Person,,,,,,,,,,,,,,,,,,,,,
Autoren ,Autorenschaft,Urheberrechtsinhabende,Verfassende,Schreibende,Literaturschaffende,wissenschaftlich Publizierende,,,,,,,,,,,,,,,,
Azubi,Nachwuchskraft,Person in Ausbildung,auszubildende Person,lernende Person,,,,,,,,,,,,,,,,,,
Babysitter,Babysittende,,,,,,,,,,,,,,,,,,,,,
Bachelorand,studentische Stelle zur Anfertigung der Bachelorarbeit,,,,,,,,,,,,,,,,,,,,,
Bäcker,Backende,im Backgewerbe Tätige,professionell Backende,,,,,,,,,,,,,,,,,,,
Bademeister,Badeaufsicht,,,,,,,,,,,,,,,,,,,,,
Bankkaufmann,Bankkaufperson,,,,,,,,,,,,,,,,,,,,,
Bankräuber,Bankausraubende,,,,,,,,,,,,,,,,,,,,,
Barkeeper,Bar-Servicekraft,Servicekraft (an) der Bar,,,,,,,,,,,,,,,,,,,,
Bauarbeiter,Bauarbeiten ausführendes (Fach-)Personal,,,,,,,,,,,,,,,,,,,,,
Bauern ,Landwirtschaft Betreibende,landwirtschaftlich Beschäftigte,Beschäftigte in der Landwirtschaft,,,,,,,,,,,,,,,,,,,
Bauernkrieg,Krieg der landbewirtschaftenden Bevölkerung,,,,,,,,,,,,,,,,,,,,,
Bauherr,den Bau in Auftrag gebende Person,Auftraggebende Person / Instanz,,,,,,,,,,,,,,,,,,,,
Bauherren,Bauverantwortliche,Bauleute,den Bau in Auftrag gebende Personen,,,,,,,,,,,,,,,,,,,
Bauingenieur,für die Baukonstruktion verantwortliche Person,für die Bauplanung verantwortliche Person,,,,,,,,,,,,,,,,,,,,
Baumpfleger,Baumpflege,,,,,,,,,,,,,,,,,,,,,
Bauträger,Bautragende,,,,,,,,,,,,,,,,,,,,,
Beamte,Bedienstete,Beamtenschaft,,,,,,,,,,,,,,,,,,,,
Beamtenlaufbahn,verbeamteter Werdegang,Laufbahn im öffentlichen Dienst mit Aussicht auf Verbeamtung,,,,,,,,,,,,,,,,,,,,
Befrager,befragende Person,"Person, die befragt (hat)",,,,,,,,,,,,,,,,,,,,
Befragter,befragte Person,"Person, die befragt wurde",,,,,,,,,,,,,,,,,,,,
Befürworter,Unterstützung,Zustimmende,Mitwirkende,Befürwortende,,,,,,,,,,,,,,,,,,
Begleiter,Begleitung,,,,,,,,,,,,,,,,,,,,,
Behinderter,Mensch mit Behinderung,Mensch mit Beeinträchtigung,,,,,,,,,,,,,,,,,,,,
Beisitzer,Beisitzende,,,,,,,,,,,,,,,,,,,,,
Bekannter,Person aus dem Bekanntenkreis,(mir) bekannte Person,Bekanntschaft,,,,,,,,,,,,,,,,,,,
bemannt,besetzt,mit Personen besetzt,astronautisch,,,,,,,,,,,,,,,,,,,
bemuttern,"fürsorglich sein, verhätscheln, umsorgen",,,,,,,,,,,,,,,,,,,,,
Benutzer,Anwendende,Nutzende,Personen(-gruppen),,,,,,,,,,,,,,,,,,,
benutzerdefiniert,maßgeschneidert,speziell,passgenau,individuell einstellbar,spezifisch,selbstdefiniert,,,,,,,,,,,,,,,,
benutzerfreundlich,praktisch / leicht zu bedienen,bedienungsfreundlich,benutzungsfreundlich,,,,,,,,,,,,,,,,,,,
Benutzerfreundlichkeit,Nutzungsfreundlichkeit,Benutzungsfreundlichkeit,,,,,,,,,,,,,,,,,,,,
Benutzerfunktion,zielgruppengerechte Funktion,nutzenorientierte Funktion,,,,,,,,,,,,,,,,,,,,
Benutzerkonto,Account,Konto,Zugang,Profil,,,,,,,,,,,,,,,,,,
Benutzername,Anmeldename,Nickname,Pseudonym,,,,,,,,,,,,,,,,,,,
Benutzeroberfläche,Bedienoberfläche,Benutzungsoberfläche,,,,,,,,,,,,,,,,,,,,
Benutzerordnung,(Be-)Nutzungsordnung,,,,,,,,,,,,,,,,,,,,,
Benutzerportal,Benutzungsportal,,,,,,,,,,,,,,,,,,,,,
Benutzerschnittstelle,Interaktionsschnittstelle,,,,,,,,,,,,,,,,,,,,,
Benutzerverwaltung,Kontoverwaltung,Zugangsverwaltung,,,,,,,,,,,,,,,,,,,,
Beobachter,Beobachtende,,,,,,,,,,,,,,,,,,,,,
Beobachtergruppe,Beobachtendengruppe,,,,,,,,,,,,,,,,,,,,,
Berater,Beratende,,,,,,,,,,,,,,,,,,,,,
Beratertätigkeit,beratende Tätigkeit,Beratung,,,,,,,,,,,,,,,,,,,,
Beraterverzeichnis,Verzeichnis beratender Personen,,,,,,,,,,,,,,,,,,,,,
Berechtigter,berechtigte Person,,,,,,,,,,,,,,,,,,,,,
bergmännisch,im Bergbau tätig,,,,,,,,,,,,,,,,,,,,,
Bergsteiger,Bergbegeisterte,Bergsteigende,,,,,,,,,,,,,,,,,,,,
Berichterstatter,Berichtende,,,,,,,,,,,,,,,,,,,,,
Berliner,die Berliner Bevölkerung,,,,,,,,,,,,,,,,,,,,,
Berufsanfänger,Berufsunerfahrene,Berufseinsteigende,,,,,,,,,,,,,,,,,,,,
Berufsschüler,Auszubildende,Beruflernende,eine Berufsschule Besuchende,an einer Berufsschule Lernende,,,,,,,,,,,,,,,,,,
Beschuldigter,beschuldigte Person,,,,,,,,,,,,,,,,,,,,,
Beschwerdeführer,Beschwerdeführende,,,,,,,,,,,,,,,,,,,,,
Bestatter,Fachkraft für Bestattungen,,,,,,,,,,,,,,,,,,,,,
Besucher,Publikum,Besuche,Besuchende,,,,,,,,,,,,,,,,,,,
Besucheranschrift,Besuchsanschrift,,,,,,,,,,,,,,,,,,,,,
Besuchergruppe,Besuchsgruppe,,,,,,,,,,,,,,,,,,,,,
Besuchermagnet,Publikumsmagnet,Besuchsmagnet,Tourismusmagnet,Anziehungspunkt,Sehenswürdigkeit,,,,,,,,,,,,,,,,,
Besucherparkplatz,Besuchsparkplatz,,,,,,,,,,,,,,,,,,,,,
Besucherrückgang,sinkende Nachfrage,Rückgang der Besuche,,,,,,,,,,,,,,,,,,,,
Besucherstrom,Publikumsstrom,,,,,,,,,,,,,,,,,,,,,
Besucherzahl,Besuchszahl,Frequentierung,Klickzahl,Interesse,Inanspruchnahme,Gästezahlen,,,,,,,,,,,,,,,,
Betrachter,Betrachtende,,,,,,,,,,,,,,,,,,,,,
Betreiber,Betriebsgesellschaft,betreibende Firma,Betrieb,,,,,,,,,,,,,,,,,,,
Betreuer,Betreuungspersonal,,,,,,,,,,,,,,,,,,,,,
Betriebsarzt,Betriebsärztlicher Dienst,,,,,,,,,,,,,,,,,,,,,
Betriebsräte,der Betriebsrat,Mitarbeitendenvertretung,,,,,,,,,,,,,,,,,,,,
Betriebswirt,betriebswirtschaftende Person,,,,,,,,,,,,,,,,,,,,,
Betrüger,unehrliche Person,,,,,,,,,,,,,,,,,,,,,
Bewerber,Bewerbende,sich bewerbende Personen,,,,,,,,,,,,,,,,,,,,
Bewerberzahlen,Bewerbungszahlen,,,,,,,,,,,,,,,,,,,,,
Bewohner,in ... Lebende,in ... lebende Menschen,Ortsansässige,Bewohnende,Bewohnerschaft,,,,,,,,,,,,,,,,,
Bewohnerzimmer,Bewohnendenzimmer,Zimmer,,,,,,,,,,,,,,,,,,,,
Bildungsträger,Bildungstragende,,,,,,,,,,,,,,,,,,,,,
Biografieträger,Biografietragende,,,,,,,,,,,,,,,,,,,,,
Blindenführer,Guide für blinde Menschen,Blindenguide,Begleitung für blinde Menschen,Mobilitätshilfe,,,,,,,,,,,,,,,,,,
Blockwart,Gebietsaufsicht,Blockaufsicht,,,,,,,,,,,,,,,,,,,,
Blogger,bloggende Personen,"Personen, die einen Blog schreiben",,,,,,,,,,,,,,,,,,,,
Bogenschütze,Bogenschießende Person,,,,,,,,,,,,,,,,,,,,,
Bote,Botschaft überbringende Person,,,,,,,,,,,,,,,,,,,,,
Brandschutzbeauftragter,beauftragte Person für Brandschutz,,,,,,,,,,,,,,,,,,,,,
Brautpaar,Hochzeitspaar,verlobtes Paar,,,,,,,,,,,,,,,,,,,,
Botschafter,Spitze des Diplomatischen Corps, Repräsentanz,,,,,,,,,,,,,,,,,,,,
Briefträger,Briefzustellung,Postzustellung,,,,,,,,,,,,,,,,,,,,
Brillenträger,Personen mit Brille,,,,,,,,,,,,,,,,,,,,,
Brüder und Schwestern,Geschwister,Geschwisterkinder,,,,,,,,,,,,,,,,,,,,
Brüderlichkeit,Mitmenschlichkeit,Solidarität,Geschwisterlichkeit,,,,,,,,,,,,,,,,,,,
Buhmann,Feindbild,schuldige Person,Zielscheibe,(Sündenbock),,,,,,,,,,,,,,,,,,
Buddhisten,Menschen buddhistischen Glaubens,,,,,,,,,,,,,,,,,,,,,
Bundeskanzler,(oberste) Führungskraft der Bundesregierung,Leitung der Bundesregierung,,,,,,,,,,,,,,,,,,,,
Bundespräsident,deutsches Staatsoberhaupt,Staatsoberhaupt einer Bundesrepublik,"Person, die die Bundespräsidentschaft inne hat",,,,,,,,,,,,,,,,,,,
Bundespräsidentenwahl,Bundespräsidentschaftswahl,BP-Wahl,,,,,,,,,,,,,,,,,,,,
Bundestagspräsident,Bundestagsvorsitz,,,,,,,,,,,,,,,,,,,,,
Bürge,bürgende Person,,,,,,,,,,,,,,,,,,,,,
Bürger,Bevölkerung,Einwohnerschaft,(Kommunal-)Wahlberechtigte,Staatsangehörige,Einheimische,im Ort/in der Stadt ... Wohnende,Stimmberechtigte,allgemeine Öffentlichkeit,breites Publikum,bürgerliche Bevölkerung,Bürgerschaft,Bürgertum,,,,,,,,,,
Bürgeramt,Amt,Gemeindeamt,Verwaltung,,,,,,,,,,,,,,,,,,,
Bürgerbeteiligung,Direkte Demokratie,Beteiligung der Bevölkerung,,,,,,,,,,,,,,,,,,,,
Bürgerbüro,(städtisches/kommunales) Service Center/Servicebüro,Stadtteilbüro,Stadtbüro,Nachbarschaftbüro,Gemeindebüro,Kommunalbüro,Informationsbüro (für Anwohnende),Büro für bürgerliche Belange,Informationsstelle (für Ratsuchende),,,,,,,,,,,,,
Bürgerhaus,Gemeindehaus,Stadthaus,Kulturzentrum,Stadtteilzentrum,selbstverwaltetes Zentrum,,,,,,,,,,,,,,,,,
Bürgerkrieg,Volkskrieg,,,,,,,,,,,,,,,,,,,,,
Bürgermeisterkandidat,Kandidatur für das Amt des Stadtoberhaupts,,,,,,,,,,,,,,,,,,,,,
bürgernah,serviceorientiert,bedürfnisorientiert,publikumsorientiert,menschenorientiert,im Kontakt,,,,,,,,,,,,,,,,,
Bürgernähe,Volksnähe,Bevölkerungsnähe,,,,,,,,,,,,,,,,,,,,
Bürgerrat,Volksrat,Menschenrat,Bewohnendenrat,bürgerlicher Rat,Bevölkerungsrat,,,,,,,,,,,,,,,,,
Bürgerrechte,Rechte des deutschen (oder anderer Staaten) Staatsvolkes,,,,,,,,,,,,,,,,,,,,,
Bürgersteig,Gehweg,Fußweg,,,,,,,,,,,,,,,,,,,,
Bürgervertretung,Vertretung der Öffentlichkeit,,,,,,,,,,,,,,,,,,,,,
Bürgerzentrum,Kulturzentrum,Stadtteilzentrum,selbstverwaltetes Zentrum,,,,,,,,,,,,,,,,,,,
Bürokrat,bürokratische Person,bürokratisch veranlagte Person,,,,,,,,,,,,,,,,,,,,
Callcenter Agent,telefonische Beratung der Kundschaft,,,,,,,,,,,,,,,,,,,,,
Callcenteroperator,Callcenteroperierende Person,,,,,,,,,,,,,,,,,,,,,
Callcenteroperatoren,Callcenteroperierende,,,,,,,,,,,,,,,,,,,,,
Case-Manager,Case-Management,Case-Managende,,,,,,,,,,,,,,,,,,,,
Chef,vorgesetzte Person,Leitungsperson,Leitung,Kopf (eines Unternehmens / einer Abteilung),Führungskraft,,,,,,,,,,,,,,,,,
Chefs ,Vorgesetzte,Leitung,,,,,,,,,,,,,,,,,,,,
Chefarzt, Ärztliche Leitung,,,,,,,,,,,,,,,,,,,,,
Chefarztbehandlung,chefärztliche Behandlung,,,,,,,,,,,,,,,,,,,,,
Chefsache,Sache mit oberster Priorität,Angelegenheit mit besonderer Wichtigkeit,dringliche Sache,,,,,,,,,,,,,,,,,,,
Chirurg,chirurgische Fachkraft,chirurgische Fachperson,ärztliche Fachkraft der ...-Chirurgie,,,,,,,,,,,,,,,,,,,
Chirurgen,chirurgisches Fachpersonal,,,,,,,,,,,,,,,,,,,,,
Chirurgenstahl,Chirurgiestahl,,,,,,,,,,,,,,,,,,,,,
Christen,Menschen christlichen Glaubens,,,,,,,,,,,,,,,,,,,,,
Chorleiter,Chorleitende,Chorleitungen,,,,,,,,,,,,,,,,,,,,
Coach,Begleitung,Beratung,coachende Person,,,,,,,,,,,,,,,,,,,
Coder,codende Person,,,,,,,,,,,,,,,,,,,,,
Damenfahrrad,Trapezrahmenfahrrad,Fahrrad mit tiefem Einstieg,,,,,,,,,,,,,,,,,,,,
damenhaft,fein,,,,,,,,,,,,,,,,,,,,,
Damenprogramm,Begleitprogramm,,,,,,,,,,,,,,,,,,,,,
Darsteller,Rollen,Besetzung,Darstellende,,,,,,,,,,,,,,,,,,,
Datenschutzbeauftragter,Fachperson für Datenschutz,Datenschutzverantwortlichkeit,,,,,,,,,,,,,,,,,,,,
Dekan,Leitung des Dekanats,Dekanat,,,,,,,,,,,,,,,,,,,,
Delegierter,delegierte Person,,,,,,,,,,,,,,,,,,,,,
Demokraten,Demokratiebegeisterte,Demokratieüberzeugte,,,,,,,,,,,,,,,,,,,,
Demonstranten,Demonstrierende,,,,,,,,,,,,,,,,,,,,,
Designer,Designschaffende,,,,,,,,,,,,,,,,,,,,,
Developer,Developing Person,Developing Employee,,,,,,,,,,,,,,,,,,,,
Dezernent,Dezernat leitende Person,,,,,,,,,,,,,,,,,,,,,
Dichter,dichtende Person,poetische Person,,,,,,,,,,,,,,,,,,,,
Dieb,Eigentum entwendende Person,Langfinger,,,,,,,,,,,,,,,,,,,,
Diebe,Kriminelle,Langfinger,,,,,,,,,,,,,,,,,,,,
Dienstherr,Dienstaufsichtsperson,Dienstbehörde,,,,,,,,,,,,,,,,,,,,
Dienstherrengenehmigung,Genehmigung der vorgesetzten Führungskraft,Dienststellengenehmigung,behördliche Genehmigung,,,,,,,,,,,,,,,,,,,
Dienstleister,Dienstleistende,,,,,,,,,,,,,,,,,,,,,
Diplomingenieur,diplomierte technische Fachkraft,,,,,,,,,,,,,,,,,,,,,
Direktor,Institutsleitung,,,,,,,,,,,,,,,,,,,,,
Dirigent,unter dem Dirigat von ...,unter Leitung von ... ,,,,,,,,,,,,,,,,,,,,
Disponent,Disposition,,,,,,,,,,,,,,,,,,,,,
Doktoranden,Promovierende,,,,,,,,,,,,,,,,,,,,,
Doktorandenkolleg,Promotionskolleg,Promovierendenkolleg,,,,,,,,,,,,,,,,,,,,
Doktorarbeit,Promotion,,,,,,,,,,,,,,,,,,,,,
Dokumenteninhaber,im Besitz von Dokumenten,,,,,,,,,,,,,,,,,,,,,
Dönermann,Dönerimbiss,Dönerverkauf,Kebapverkauf,Dönerfachgeschäft,Dönerbude,,,,,,,,,,,,,,,,,
Doppelgänger,Double,Ebenbild,Doppelperson,,,,,,,,,,,,,,,,,,,
Dozent,lehrende Person,Lehrkraft,Lehrperson,vortragende Person,Seminarleitung,,,,,,,,,,,,,,,,,
Dozenten,Dozierende,Lehrpersonal,Lehrende,,,,,,,,,,,,,,,,,,,
Dozententätigkeit,Lehrtätigkeit,,,,,,,,,,,,,,,,,,,,,
Drachenlord,herrschende Drachenperson,,,,,,,,,,,,,,,,,,,,,
Dritter,dritte Person,,,,,,,,,,,,,,,,,,,,,
Editor,herausgebende Person,,,,,,,,,,,,,,,,,,,,,
Ehegatte,die Ehe teilende Person,Ehemensch,Eheherzperson,Herzmensch,,,,,,,,,,,,,,,,,,
Ehegatten,Eheleute,,,,,,,,,,,,,,,,,,,,,
Ehepartner,geehelichte Person,Ehemensch,,,,,,,,,,,,,,,,,,,,
Ehrenamtler,Ehrenamtliche,Freiwillige,(ehrenamtlich) Engagierte,,,,,,,,,,,,,,,,,,,
Ehrenmann,Ehrenperson,,,,,,,,,,,,,,,,,,,,,
Eigentümer,(im) Eigentum von ... ,,,,,,,,,,,,,,,,,,,,,
Eigentümerversammlung,Versammlung der Beteiligten am Wohneigentum,Versammlung der Besitzenden,,,,,,,,,,,,,,,,,,,,
Eigner,s. Eigentümer,,,,,,,,,,,,,,,,,,,,,
Einbrecher,einbrechende Personen,,,,,,,,,,,,,,,,,,,,,
Einlader,einladende Person,,,,,,,,,,,,,,,,,,,,,
Ein-Mann-Betrieb,Ein-Personen-Betrieb,,,,,,,,,,,,,,,,,,,,,
einer nach dem anderen,der Reihe nach,,,,,,,,,,,,,,,,,,,,,
einem selbst,dir selbst,,,,,,,,,,,,,,,,,,,,,
Einsteigerkurs,Einstiegskurs,Grundlagenkurs,Grundkurs,Basiskurs,,,,,,,,,,,,,,,,,,
Einwanderer,Menschen mit Migrationshintergrund /-geschichte /-biografie,Menschen mit internationaler Geschichte,,,,,,,,,,,,,,,,,,,,
Einwandererfamilien,Familien mit Migrationshintergrund /-geschichte,Familien mit internationaler Geschichte,,,,,,,,,,,,,,,,,,,,
Einwohner,die Menschen der Stadt XY,Population,Bevölkerung,gemeldete Personen,,,,,,,,,,,,,,,,,,
Einwohnerdichte,Bevölkerungsdichte,,,,,,,,,,,,,,,,,,,,,
Einwohnerzahl,Bevölkerungszahl,,,,,,,,,,,,,,,,,,,,,
Einzelgänger,alleinliebende Person,,,,,,,,,,,,,,,,,,,,,
Einzelhändler,Person des Einzelhandels,Betrieb im Einzelhandel,im Einzelhandel tätige Person,,,,,,,,,,,,,,,,,,,
Einzelkämpfer,Einzelkämpfende,Kriegsteilnehmende,,,,,,,,,,,,,,,,,,,,
Einzelner,alle,die einzelne Person,,,,,,,,,,,,,,,,,,,,
Einziger,einzige Person,,,,,,,,,,,,,,,,,,,,,
Elektriker,Fachkraft für Elektrotechnik,,,,,,,,,,,,,,,,,,,,,
Elektrotechniker,Fachkraft für elektrotechnische Anlagen,,,,,,,,,,,,,,,,,,,,,
Elternzeitrückkehrer,"Mitarbeitende, die aus der Elternzeit zurück kommen",Elternzeitrückkehrende,,,,,,,,,,,,,,,,,,,,
Emittent,Wertpapierherausgebende Person,,,,,,,,,,,,,,,,,,,,,
Empfangsdame,Empfang,Person/Personal am Empfang,Rezeption,,,,,,,,,,,,,,,,,,,
Endverbraucher,Endverbrauchende,Endkonsumierende,,,,,,,,,,,,,,,,,,,,
Energieversorger,Energieversorgungsunternehmen,,,,,,,,,,,,,,,,,,,,,
Entdecker,entdeckt von ... ,entdeckende Personen /Kinder,Forschende,Entdeckende,,,,,,,,,,,,,,,,,,
Enthusiast,enthusiastische Person,begeisterte Person,,,,,,,,,,,,,,,,,,,,
Enthusiasten,Begeistere,,,,,,,,,,,,,,,,,,,,,
Entscheider,Entscheidung fällende Person,entscheidungsbefugte Person,,,,,,,,,,,,,,,,,,,,
Entscheidungsträger,Entscheidungtragende,,,,,,,,,,,,,,,,,,,,,
Entwickler,Entwickelnde,Erfindende,,,,,,,,,,,,,,,,,,,,
Erbauer,Konstruierende,Erschaffende,erbaut von ...,ein Bau von ... ,,,,,,,,,,,,,,,,,,
Erbe,erbberechtigte Person,,,,,,,,,,,,,,,,,,,,,
Erben,Erbberechtigte,,,,,,,,,,,,,,,,,,,,,
Erfinder,erfindende Person,ideenfindende Person,,,,,,,,,,,,,,,,,,,,
Ergotherapeut,in der Ergotherapie tätige Person,,,,,,,,,,,,,,,,,,,,,
Erkrankter,erkrankte Person,,,,,,,,,,,,,,,,,,,,,
Ermittler,Ermittelnde,Ermittlungsteam,,,,,,,,,,,,,,,,,,,,
Errichter,errichtet von ... ,,,,,,,,,,,,,,,,,,,,,
Ersteller,erstellt von ... ,,,,,,,,,,,,,,,,,,,,,
Ersthelfer,Ersthelfende,,,,,,,,,,,,,,,,,,,,,
Erstsemester,Studierende im ersten Semester,Ersti,,,,,,,,,,,,,,,,,,,,
Erwachsener,erwachsene Person,,,,,,,,,,,,,,,,,,,,,
Erzähler,Erzählende,,,,,,,,,,,,,,,,,,,,,
Erzeuger,ein Produkt erzeugende Person,,,,,,,,,,,,,,,,,,,,,
Erziehungsberechtigter,erziehungsberechtigte Person,,,,,,,,,,,,,,,,,,,,,
Ethnologe,Person mit Fachwissen in Ethnologie,Person mit ethnologischer Expertise,,,,,,,,,,,,,,,,,,,,
EU-Kommissar,EU-Kommissionsmitglied,,,,,,,,,,,,,,,,,,,,,
Experten,Fachkräfte,Fachleute,Fachpersonen,Fachkundige,Sachverständige,,,,,,,,,,,,,,,,,
Expertengruppe,Fachgruppe,,,,,,,,,,,,,,,,,,,,,
Experteninterview,Expertiseinterview,Interview mit Fachleuten,,,,,,,,,,,,,,,,,,,,
Expertenkommission,Fachkommission,Kommission von Fachleuten,,,,,,,,,,,,,,,,,,,,
Expertenrating,Rating von Fachleuten,,,,,,,,,,,,,,,,,,,,,
Expertenschätzung,Schätzung von Fachleuten,nach Einschätzung von Fachleuten,Expertise,,,,,,,,,,,,,,,,,,,
Expertenstandard,Fachstandard,,,,,,,,,,,,,,,,,,,,,
Expertentagung,Fachtagung,,,,,,,,,,,,,,,,,,,,,
Expertentum,Expertise,,,,,,,,,,,,,,,,,,,,,
Expertenvortrag,Fachvortrag,,,,,,,,,,,,,,,,,,,,,
Expertenwissen,Fachwissen,Expertise,,,,,,,,,,,,,,,,,,,,
Extremist,radikalisierte Person,,,,,,,,,,,,,,,,,,,,,
Facharbeiter,Facharbeitende,,,,,,,,,,,,,,,,,,,,,
Facharzt,(fach-)ärztliche Fachkraft,Fachpraxis,,,,,,,,,,,,,,,,,,,,
Facharztrichtung,medizinische Fachrichtung,,,,,,,,,,,,,,,,,,,,,
Fachberater,Fachberatung,,,,,,,,,,,,,,,,,,,,,
Fachmann,Fachkraft,,,,,,,,,,,,,,,,,,,,,
fachmännisch,fachkundig,professionell,,,,,,,,,,,,,,,,,,,,
Fachwissenschaftler,Fachforschende,,,,,,,,,,,,,,,,,,,,,
Fahrer,Fahrzeugführende,Fahrende,,,,,,,,,,,,,,,,,,,,
Fahrerhaus,Cockpit,,,,,,,,,,,,,,,,,,,,,
Fahrerkabine,Fahrkabine,Steuerungskabine,,,,,,,,,,,,,,,,,,,,
Fahrersitz,Cockpitsitz,Sitz der fahrenden Person,,,,,,,,,,,,,,,,,,,,
Fahrgast,mitreisende Person,gegen Entgelt transportierte Person,,,,,,,,,,,,,,,,,,,,
Fahrgäste,Mitfahrende,Reisende,,,,,,,,,,,,,,,,,,,,
Fahrgastraum,Abteil,Personenbeförderungsräume,,,,,,,,,,,,,,,,,,,,
Fahrradfahrer,Fahrrad Fahrende,wer mit dem Fahrrad unterwegs ist ... ,,,,,,,,,,,,,,,,,,,,
Fahrschüler,Fahrlernende,,,,,,,,,,,,,,,,,,,,,
Fahrschullehrer,Fahrschullehrkraft,,,,,,,,,,,,,,,,,,,,,
Fahrzeugführer,fahrzeugführende Person,Fahrzeugführung,,,,,,,,,,,,,,,,,,,,
Fan,in besonderem Maße begeisterte Person,,,,,,,,,,,,,,,,,,,,,
Fans,Begeisterte,,,,,,,,,,,,,,,,,,,,,
Faschist,dem Faschismus anhängende Person,,,,,,,,,,,,,,,,,,,,,
Feigling,feige Person,Angsthase,,,,,,,,,,,,,,,,,,,,
Feind,verfeindete Person,,,,,,,,,,,,,,,,,,,,,
Feministin,feministische / feministisch eingestellte Person,,,,,,,,,,,,,,,,,,,,,
Fetischist,Person mit einem Fetisch,,,,,,,,,,,,,,,,,,,,,
Feuerwehrmänner,Einsatzkräfte der Feuerwehr,Feuerwehrangehörige,Feuerwehr,Feuerwehrleute,Feuerbekämpfende,,,,,,,,,,,,,,,,,
Filmemacher,Filmschaffende,,,,,,,,,,,,,,,,,,,,,
Filmstar,Filmgröße,Filmberühmtheit,,,,,,,,,,,,,,,,,,,,
Finalist,am Finale teilnehmende Person,,,,,,,,,,,,,,,,,,,,,
Finalisten,am Finale Teilnehmende,,,,,,,,,,,,,,,,,,,,,
Finanzbeauftragter,finanzbeauftragte Person,,,,,,,,,,,,,,,,,,,,,
Finanzintermediäre,Anbietende von Finanzintermediation,Finanzintermediierende,,,,,,,,,,,,,,,,,,,,
Fischer,Fisch fangende Person,,,,,,,,,,,,,,,,,,,,,
Flammenwerfer,Flammen werfende Person,,,,,,,,,,,,,,,,,,,,,
Flüchtlinge,Geflüchtete,Flüchtende,geflüchtete Menschen,,,,,,,,,,,,,,,,,,,
Follower,Follis,Follows,,,,,,,,,,,,,,,,,,,,
Förderer,unterstützender Personenkreis,,,,,,,,,,,,,,,,,,,,,
Fördermittelgeber,"Stelle, die Fördermittel vergibt",fördermittelgebende Stelle/Institution,,,,,,,,,,,,,,,,,,,,
Forscher,Forschende,Universitätsmitglieder,wissenschaftliches Personal der Universität,"Menschen, die in der Forschung tätig sind",Forschungsteam,,,,,,,,,,,,,,,,,
Forschergemeinde,Forschungsgemeinde,,,,,,,,,,,,,,,,,,,,,
Forscherkolloquium,Forschungskolloquium,,,,,,,,,,,,,,,,,,,,,
Forscherteam,Forschungsteam,,,,,,,,,,,,,,,,,,,,,
Förster,Beschäftigte in der Forstwirtschaft,,,,,,,,,,,,,,,,,,,,,
Forstwart,Forstaufsicht,,,,,,,,,,,,,,,,,,,,,
Fotograf,fotografierende Person,(Berufs-)Fotografie betreibende Person ,,,,,,,,,,,,,,,,,,,,
Fotografen,Fotografierende,Aufnehmende,,,,,,,,,,,,,,,,,,,,
Fotografenteam,Fototeam,Fotografieteam,,,,,,,,,,,,,,,,,,,,
Freelancer,Freischaffende,,,,,,,,,,,,,,,,,,,,,
Freiwilliger,freiwillige Person,,,,,,,,,,,,,,,,,,,,,
Fremdsprachler,andere / fremde Sprache sprechende Person,,,,,,,,,,,,,,,,,,,,,
Freund,(enge) Bezugsperson,Herzensmensch,Bekanntschaft,Lieblingsmensch,bessere Hälfte,,,,,,,,,,,,,,,,,
Freunde,Bekannte,Bezugspersonen,befreundete Personen,,,,,,,,,,,,,,,,,,,
Freundeskreis,Personen in befreundeten Kreisen,,,,,,,,,,,,,,,,,,,,,
Friseur,frisierende Person,Frisiersalon,,,,,,,,,,,,,,,,,,,,
Friseure,Frisierende,,,,,,,,,,,,,,,,,,,,,
Friseurtermin,Haarschneidetermin,Frisiertermin,,,,,,,,,,,,,,,,,,,,
Führerschein,Fahrerlaubnis,Fahrberechtigung,,,,,,,,,,,,,,,,,,,,
Funktionär,in Funktion gewählte Person,verantwortliche/beauftragte/bevollmächtigte Person,Vollmachtsperson,,,,,,,,,,,,,,,,,,,
Funktionsträger,in Funktion gewählte Person,verantwortliche/beauftragte/bevollmächtigte Person,,,,,,,,,,,,,,,,,,,,
Fürsprecher,Mitwirkende,Beteiligte,Befürwortende,Support,Supportende,Fürsprechende,,,,,,,,,,,,,,,,
Fußballspieler,Fußballspielende,,,,,,,,,,,,,,,,,,,,,
Fußgänger,Menschen zu Fuß,zu Fuß Gehende,Fußverkehr,,,,,,,,,,,,,,,,,,,
Fußgängerstreifen,Zebrastreifen,Straßenpassierstreifen,,,,,,,,,,,,,,,,,,,,
Fußgängerüberweg,Überquerung,,,,,,,,,,,,,,,,,,,,,
Fußgängerweg,Gehweg,,,,,,,,,,,,,,,,,,,,,
Fußgängerzone,Flanierzone,Einkaufsstraße,Einkaufszone,verkehrsfreie Zone,,,,,,,,,,,,,,,,,,
Gaffer,Schaulustige,,,,,,,,,,,,,,,,,,,,,
Gamer,Gaming People,,,,,,,,,,,,,,,,,,,,,
Gärtner,Gartenarbeitskraft,,,,,,,,,,,,,,,,,,,,,
Gärtnerei,Gartenbaubetrieb,,,,,,,,,,,,,,,,,,,,,
Gast,Besuch,Besuchsperson,,,,,,,,,,,,,,,,,,,,
Gastbeitrag,Sonderbeitrag,,,,,,,,,,,,,,,,,,,,,
Gäste,Geladene,,,,,,,,,,,,,,,,,,,,,
Gästeführer,Reiseführung,Reiseleitung,(Tourguide),,,,,,,,,,,,,,,,,,,
Gastgeber,Einladende,,,,,,,,,,,,,,,,,,,,,
Gasthörer,Studierende im Gaststudium,,,,,,,,,,,,,,,,,,,,,
Gasthörerstatus,Gaststudierendenstatus,Gasthörstatus,,,,,,,,,,,,,,,,,,,,
Gasthörerstudium,Gaststudium,Hospitation,,,,,,,,,,,,,,,,,,,,
Gastwirt,Gastronomiebetriebsleitung,,,,,,,,,,,,,,,,,,,,,
Gastwirte,Betreibende eines Gastronomiebetriebs,,,,,,,,,,,,,,,,,,,,,
Gastwissenschaftler,Gastforschende,,,,,,,,,,,,,,,,,,,,,
Gefreiter,Person mit zweitniedrigstem militärischen Mannschaftsdienstgrad,,,,,,,,,,,,,,,,,,,,,
Gegenkandidat,Gegenkandidatur,,,,,,,,,,,,,,,,,,,,,
Gegenspieler,gegnerische Partei,gegnerische Spielende,feindliche Spielende,Gegenseite,Konkurrenz,,,,,,,,,,,,,,,,,
Gegner,gegnerische Partei,gegnerische Spielende,feindliche Spielende,Gegenseite,Konkurrenz,,,,,,,,,,,,,,,,,
Geisterfahrer,Fahrzeug in falscher Richtung,Geisterfahrzeug,,,,,,,,,,,,,,,,,,,,
Geldgeber,Geldgebende,support,geldgebende Institution,,,,,,,,,,,,,,,,,,,
Gelehrter,gelehrte Person,,,,,,,,,,,,,,,,,,,,,
Generaldirektor,Direktoriumsleitung,,,,,,,,,,,,,,,,,,,,,
Generalist,Universalgenie,Multitalent,fachlich breit aufgestellter Mensch,,,,,,,,,,,,,,,,,,,
Genießer,Genussmensch,,,,,,,,,,,,,,,,,,,,,
Genosse,Mitglied der Genossenschaft,,,,,,,,,,,,,,,,,,,,,
Geograph,Person mit Fachwissen in Geographie, Mensch mit fundiertem Wissen über Geographie,,,,,,,,,,,,,,,,,,,,
Geologe,Person mit Fachwissen in Geologie,Mensch mit fundiertem Wissen über Geologie,,,,,,,,,,,,,,,,,,,,
Geologen,Forschende der Geologie,,,,,,,,,,,,,,,,,,,,,
Gerätewart,Geräteaufsicht,,,,,,,,,,,,,,,,,,,,,
Gerichtsvollzieher,Gerichtsvollzugsperson,,,,,,,,,,,,,,,,,,,,,
Geschäftsmänner,Geschäftsleute,,,,,,,,,,,,,,,,,,,,,
Geschäftspartner,geschäftliche Verbindung,geschäftlicher Kontakt,,,,,,,,,,,,,,,,,,,,
Gesellschafter,Betriebsgesellschaft,Beteiligte,Gesellschaftende,,,,,,,,,,,,,,,,,,,
Gesetzgeber,Legislative,gesetzgebende Instanz,Gesetzgebende,,,,,,,,,,,,,,,,,,,
Gesprächspartner,Gesprächsbeteiligte,Gegenüber,,,,,,,,,,,,,,,,,,,,
Gesprächsteilnehmer,Gesprächsbeteiligte,,,,,,,,,,,,,,,,,,,,,
Gestalter,Gestaltende,,,,,,,,,,,,,,,,,,,,,
Gewinner,Erster Platz,,,,,,,,,,,,,,,,,,,,,
Gläubiger,Geld-/Kreditgebende,,,,,,,,,,,,,,,,,,,,,
Götter,Allwissende,Allmächtige,übernatürliche Wesen,Ewige,Gottheiten,,,,,,,,,,,,,,,,,
Grafiker,Grafikprofi,,,,,,,,,,,,,,,,,,,,,
Grinsepeter,Grinsebacke,Grinsegesicht,Grinsekuchen,Sonnenschein,,,,,,,,,,,,,,,,,,
Grundeigentümer,Person mit Grundeigentum,,,,,,,,,,,,,,,,,,,,,
Gründer,gründende Person,,,,,,,,,,,,,,,,,,,,,
Gründerzeit,Gründungszeit,,,,,,,,,,,,,,,,,,,,,
Gründerzentrum,Gründungszentrum,Innovationszentrum,Technologiezentrum,,,,,,,,,,,,,,,,,,,
Grundschüler,Kinder in der Grundschule,,,,,,,,,,,,,,,,,,,,,
Gruppenleiter,Gruppenleitende,Gruppenleitung,,,,,,,,,,,,,,,,,,,,
Guru,spirituelles Vorbild / Idol,,,,,,,,,,,,,,,,,,,,,
Gutachter,Sachverständige,Begutachtende,,,,,,,,,,,,,,,,,,,,
Gymnasiast,Person auf einem Gymnasium,ein Gymnasium besuchende Person,gymnasial lernende Person,,,,,,,,,,,,,,,,,,,
Gynäkologe,medizinisches/ärztliches Fachpersonal für Gynäkologie,,,,,,,,,,,,,,,,,,,,,
Hacker,"Personen, die fremde Digitaldaten nutzen",Hackende,umfunktionierende Personen,,,,,,,,,,,,,,,,,,,
Hackerangriff,Hackingangriff,Hackangriff,,,,,,,,,,,,,,,,,,,,
Hamburger,die Hamburger Bevölkerung,,,,,,,,,,,,,,,,,,,,,
Handlanger,helfende Person,rechte Hand von jemandem,,,,,,,,,,,,,,,,,,,,
Händler,Shops,der Handel,Handelnde,,,,,,,,,,,,,,,,,,,
Handwerker,Handwerksbetriebe,Handwerkende,Fachpersonal im Handwerk,,,,,,,,,,,,,,,,,,,
Hauptcharakter,Hauptperson,Hauptfigur,zentrale Gestalt,Schlüsselfigur,Titelrolle,,,,,,,,,,,,,,,,,
Hauptfachlehrer,Hauptfachgruppe,Fachgruppe,,,,,,,,,,,,,,,,,,,,
Häuptling,Oberhaupt,,,,,,,,,,,,,,,,,,,,,
Hauptmieter,Hauptmietpartei,Hauptmietperson,Hauptmietvertragsperson,,,,,,,,,,,,,,,,,,,
Hausarzt,hausärztliche Fachkraft,Hauspraxis,,,,,,,,,,,,,,,,,,,,
Hauseigentümer,Hausbesitzende Gemeinschaft,,,,,,,,,,,,,,,,,,,,,
Hausfrau,haushaltsführende Person,Haushalt organisierende Person,Haushaltsvorstand,,,,,,,,,,,,,,,,,,,
Hausherr,Familienvorstand,Hausvorstand,,,,,,,,,,,,,,,,,,,,
Hausmannskost,einfache Küche,gut bürgerliche Küche,traditionell zubereitete Gerichte,Alltagsessen,,,,,,,,,,,,,,,,,,
Hausmeister,Gebäudemanagement,,,,,,,,,,,,,,,,,,,,,
Hauswart,Hauswartung,,,,,,,,,,,,,,,,,,,,,
Hebammen,Geburtshelfende,,,,,,,,,,,,,,,,,,,,,
Held,Schlüsselperson,Hauptperson,außerordentlich erfolgreiche Person,Vorbild,,,,,,,,,,,,,,,,,,
Helfer,Helfende,,,,,,,,,,,,,,,,,,,,,
Herausgeber,herausgegeben von ... ,,,,,,,,,,,,,,,,,,,,,
Herrenfahrrad,Diamantrahmenfahrrad,,,,,,,,,,,,,,,,,,,,,
Herrenhaus,Gutshaus,,,,,,,,,,,,,,,,,,,,,
herrenlos,verlassen,nicht zuzuordnen,unbeaufsichtigt,personenlos,frei,besitzlos,,,,,,,,,,,,,,,,
Herrschaften,Personen,Leute,,,,,,,,,,,,,,,,,,,,
Hexe,(schwarze) Zauberkraft innehabende Person,Person mit (schwarzen) Zauberkräften,mit Zauberkräften ausgestattete Person,"Person, die Zauberkraft hat",,,,,,,,,,,,,,,,,,
Hinterbliebener,hinterbliebene Person,zurückgelassene Person,,,,,,,,,,,,,,,,,,,,
Hintermann,Graue Eminenz,Schlüsselfigur,aus dem Hinterzimmer,drahtziehende Person,dahinter steckt/steht ... ,verantwortliche Person,,,,,,,,,,,,,,,,
Hintermänner,Schlüsselfiguren,aus dem Hinterzimmer,Hinterleute,Verantwortliche,,,,,,,,,,,,,,,,,,
Hinweisgeber,Hinweis gebende Person,,,,,,,,,,,,,,,,,,,,,
Hirte,hütende Person,,,,,,,,,,,,,,,,,,,,,
Historiker,Geschichtsforschende,,,,,,,,,,,,,,,,,,,,,
Hörer,zuhörende Personen,,,,,,,,,,,,,,,,,,,,,
Hospitant,hospitierende Person,,,,,,,,,,,,,,,,,,,,,
Hospitanten,Hospitierende,,,,,,,,,,,,,,,,,,,,,
Humanist,humanistische Person,,,,,,,,,,,,,,,,,,,,,
Ich-Erzähler,Ich-Form,Ich-Figur,erzählendes Ich,,,,,,,,,,,,,,,,,,,
Illustrator,illustrierende Person,,,,,,,,,,,,,,,,,,,,,
Illustratoren,Illustrierende,,,,,,,,,,,,,,,,,,,,,
Imker,Bienenzüchtende Person,,,,,,,,,,,,,,,,,,,,,
Immigranten,Menschen mit Migrationshintergrund /-geschichte /-biografie,,,,,,,,,,,,,,,,,,,,,
Immobilienbesitzer,Immobilienbesitzende,,,,,,,,,,,,,,,,,,,,,
Immobilieneigentümer,Personen mit Immobilienbesitz,Immobilienbesitzende,,,,,,,,,,,,,,,,,,,,
Immobilienkaufmann,Immobilienfachkraft,,,,,,,,,,,,,,,,,,,,,
Industriekaufmänner,Industriekaufleute,,,,,,,,,,,,,,,,,,,,,
Informant,Informationsquelle,Quelle,,,,,,,,,,,,,,,,,,,,
Informationssicherheitsbeauftragter,beauftragte Person für Informationssicherheit,,,,,,,,,,,,,,,,,,,,,
Ingenieurberuf,Ingenieursberuf,,,,,,,,,,,,,,,,,,,,,
Ingenieure,Ingenieursberuf Ausübende,,,,,,,,,,,,,,,,,,,,,
Ingenieurwesen,Technikwissenschaften,technische Wissenschaften,Technik,,,,,,,,,,,,,,,,,,,
inhabergeführt,besitzgeführter,besitzgeleiteter,,,,,,,,,,,,,,,,,,,,
Inhaber,Inhabende,,,,,,,,,,,,,,,,,,,,,
Inhaftierter,Person in Haft,,,,,,,,,,,,,,,,,,,,,
Initiatoren,Initiierende,,,,,,,,,,,,,,,,,,,,,
Inlineskater,Inlineskatende,,,,,,,,,,,,,,,,,,,,,
Insider,"Person, die Internas kennt / weiß",Person mit besonderem Hintergrundwissen,,,,,,,,,,,,,,,,,,,,
Inspekteur,Inspektion durchführende Person,,,,,,,,,,,,,,,,,,,,,
Intendant,Intendanz,,,,,,,,,,,,,,,,,,,,,
Interakteur,interagierende Person,,,,,,,,,,,,,,,,,,,,,
Interakteure,Interagierende,,,,,,,,,,,,,,,,,,,,,
Interessensvertreter,Interessensvertretung,,,,,,,,,,,,,,,,,,,,,
Interessenten,Interessierte,,,,,,,,,,,,,,,,,,,,,
Interessenträger,interessierte Beteiligte,,,,,,,,,,,,,,,,,,,,,
Interpret,Act,,,,,,,,,,,,,,,,,,,,,
Interviewer,Interviewende,,,,,,,,,,,,,,,,,,,,,
Interviewpartner,Interviewte,Befragte,,,,,,,,,,,,,,,,,,,,
Investor,geldgebende Person,"Person, die Geld investiert hat",investierende Person,,,,,,,,,,,,,,,,,,,
Investoren,Investierende,,,,,,,,,,,,,,,,,,,,,
Italiener,aus Italien stammende Person,Person aus Italien,,,,,,,,,,,,,,,,,,,,
Jäger,Jägerschaft,jagende Personen,Personen auf der Jagd,,,,,,,,,,,,,,,,,,,
Jäger- und Sammler-Gesellschaft,"nomadisierende Gesellschaft, die sich von der Jagd und dem Sammeln von Pflanzen ernährt",,,,,,,,,,,,,,,,,,,,,
Jahrgangsbester,jahrgangsbeste Person,,,,,,,,,,,,,,,,,,,,,
jeder,alle,alle für sich,sämtliche,,,,,,,,,,,,,,,,,,,
jedermann,alle,sämtliche,jeder Mensch,,,,,,,,,,,,,,,,,,,
Journalist,Presse,Medien,jemand von der Presse/vom Fernsehen/...,wer für die Zeitung/fürs Fernsehen berichtet,,,,,,,,,,,,,,,,,,
Journalisten,im Journalismus Tätige/Arbeitende,Medienschaffende,Presse,die Medien,,,,,,,,,,,,,,,,,,
Jubilar,Jubiläum begehende Person,Jubiläum feiernde Person,,,,,,,,,,,,,,,,,,,,
Juden,Menschen jüdischen Glaubens,jüdische Menschen,Mitglieder / Angehörige der jüdischen Gemeinschaft / des jüdischen Volkes,,,,,,,,,,,,,,,,,,,
Jungfrau,sexuell unerfahrene Person,"Person, die noch keinen Geschlechtsverkehr hatte",,,,,,,,,,,,,,,,,,,,
jungfräulich,unangetastet,makellos,unberührt,unverändert,ursprünglich,rein,frisch,unerschlossen,unbearbeitet,,,,,,,,,,,,,
Jurist,Person mit juristischer Ausbildung,Person mit juristischem Sachverstand,,,,,,,,,,,,,,,,,,,,
Juror,Jurymitglied,,,,,,,,,,,,,,,,,,,,,
Kameramann,Kameraperson,Kamera,,,,,,,,,,,,,,,,,,,,
Kameramänner,Kamerateam,Kameraleute,Kamera,Kamerapersonen,,,,,,,,,,,,,,,,,,
Kämmerer,Leitung der Kämmerei,,,,,,,,,,,,,,,,,,,,,
Kampfrichter,Kampfjury,Schiedsgericht,,,,,,,,,,,,,,,,,,,,
Kampfrichterverzerrung,Verzerrung durch Kampfrichtende,,,,,,,,,,,,,,,,,,,,,
Kandidaten,Kandidierende,,,,,,,,,,,,,,,,,,,,,
Kandidatenfragen,Personalfrage,K-Frage,,,,,,,,,,,,,,,,,,,,
Kandidatenvorschlag,Personalvorschlag,,,,,,,,,,,,,,,,,,,,,
Kanzler,Regierung (an-)führende Person,Regierungsoberhaupt,,,,,,,,,,,,,,,,,,,,
Kanzleramt,Amt des Regierungsoberhauptes,,,,,,,,,,,,,,,,,,,,,
Kanzler-Frage,K-Frage,,,,,,,,,,,,,,,,,,,,,
Kapitalgeber,Investierende,Finanzierende,,,,,,,,,,,,,,,,,,,,
Kapitäne,Schiffsführende,,,,,,,,,,,,,,,,,,,,,
Karnevalisten,Karneval Feiernde,,,,,,,,,,,,,,,,,,,,,
Karteninhaber,die Karte besitzende Person,Karteninhabende Person,,,,,,,,,,,,,,,,,,,,
Kassenwart,Kassenverwaltung,Finanzverwaltung,Vermögensverwaltung,,,,,,,,,,,,,,,,,,,
Katholiken,Menschen katholischen Glaubens,,,,,,,,,,,,,,,,,,,,,
Käufer,Kaufende,Kundschaft,,,,,,,,,,,,,,,,,,,,
Kaufmann,Kauffachkraft,Kaufkraft,,,,,,,,,,,,,,,,,,,,
Kaufmänner,Kaufleute,,,,,,,,,,,,,,,,,,,,,
kaufmännisch,zahlentechnisch,finanztechnisch,in Zahlen gesehen,kauftechnisch,in Zahlen gesehen,buchungstechnisch,fiskalisch,(markt-)wirtschaftlich,ökonomisch,geschäftlich,gewerblich,kommerziell,,,,,,,,,,
keiner,niemand,,,,,,,,,,,,,,,,,,,,,
Kernwählerschaft,Kernwahlvolk,Kernstimmvolk,,,,,,,,,,,,,,,,,,,,
KfZ-Mechaniker-Innung,KfW-Handwerks-Innung,KfZ-Innung,,,,,,,,,,,,,,,,,,,,
Kinderarztpraxis,Praxis für Kinderheilkunde,,,,,,,,,,,,,,,,,,,,,
Kindergärtner,pädagogische Fachkraft,Erziehungskraft,Kita-Fachkraft,,,,,,,,,,,,,,,,,,,
Kindermädchen,Kinderbetreuung,Aupair,,,,,,,,,,,,,,,,,,,,
Kindertagepfleger,Kindertagespflegeperson,,,,,,,,,,,,,,,,,,,,,
Klassensprecher,Klassenvertretung,,,,,,,,,,,,,,,,,,,,,
Kleinbauern,kleine Landwirtschaftsbetriebe,,,,,,,,,,,,,,,,,,,,,
Kletterer,Kletternde,,,,,,,,,,,,,,,,,,,,,
Klient,ratsuchende Person,Beratung in Anspruch nehmende Person,"Person, die in die Beratung kommt",Fall,Besuch,,,,,,,,,,,,,,,,,
Klienten,Klientel,Ratsuchende,,,,,,,,,,,,,,,,,,,,
Klientenkontakt,Klientelkontakt,,,,,,,,,,,,,,,,,,,,,
klientenorientiert,orientiert am Bedarf der ratsuchenden Person,,,,,,,,,,,,,,,,,,,,,
Klientenzahl,Zahl der Ratsuchenden,,,,,,,,,,,,,,,,,,,,,
Koch,leitende Küchenfachkraft,Küchenpersonal,Kochprofi,Lebensmittel verarbeitende Person,in der Küche arbeitende Person,,,,,,,,,,,,,,,,,
Kollege,mitarbeitende Person,Teammitglied,,,,,,,,,,,,,,,,,,,,
Kollegen,Kollegschaft,Kollegium,Teammitglieder,,,,,,,,,,,,,,,,,,,
Kolonialherr,Kolonialmacht,Suzerän,,,,,,,,,,,,,,,,,,,,
Kolonialherren,Kolonialmächte,,,,,,,,,,,,,,,,,,,,,
Komiteegründer,Komiteegründung,,,,,,,,,,,,,,,,,,,,,
Kommentator,kommentierender Pressemensch,kommentierende Presse,,,,,,,,,,,,,,,,,,,,
Kommentatoren,Kommentar von Medienschaffenden,,,,,,,,,,,,,,,,,,,,,
Kommilitonen,Mitstudierende,,,,,,,,,,,,,,,,,,,,,
Kommissionierer,Mitarbeitende in der Warenzusammenstellung,,,,,,,,,,,,,,,,,,,,,
Kommunist,kommunistisch (orientierte) Person,,,,,,,,,,,,,,,,,,,,,
Komparse,stumme Rolle,Person ohne Sprechrolle,Nebenfigur,,,,,,,,,,,,,,,,,,,
Kompetenzträger,Kompetenztragende,,,,,,,,,,,,,,,,,,,,,
Komponist,musikschaffende Person,kompositionstätige Person,,,,,,,,,,,,,,,,,,,,
Komponisten,Musikschaffende,Kompositionstätige,,,,,,,,,,,,,,,,,,,,
Konfirmand,zu konfirmierende Person,Konfi,,,,,,,,,,,,,,,,,,,,
Konfirmanden,zu Konformierende,Konfis,Jugendliche in der Konfirmationsvorbereitung,,,,,,,,,,,,,,,,,,,
Konfirmandenunterricht,Konfirmationsunterricht,,,,,,,,,,,,,,,,,,,,,
Königsdisziplin,anspruchvollste Disziplin,Spitzendisziplin,,,,,,,,,,,,,,,,,,,,
Königsklasse,Oberliga,höchste Klasse,,,,,,,,,,,,,,,,,,,,
Konkurrent ,Konkurrenz,,,,,,,,,,,,,,,,,,,,,
Konsortialpartner,Konsortialbeteiligte,,,,,,,,,,,,,,,,,,,,,
Konstrukteure,Konstruierende,,,,,,,,,,,,,,,,,,,,,
Konsumenten ,Konsumierende,Kundschaft,einkaufende / konsumierende Zielgruppe,,,,,,,,,,,,,,,,,,,
Kontrahent,Gegenüber,,,,,,,,,,,,,,,,,,,,,
Kooperationspartner,in Kooperation mit,Kooperationsbeteiligte,,,,,,,,,,,,,,,,,,,,
Koordinator,Koordination,,,,,,,,,,,,,,,,,,,,,
Körperspender,Körperspende,,,,,,,,,,,,,,,,,,,,,
Kraftfahrer,Kraftfahrzeugführende,,,,,,,,,,,,,,,,,,,,,
Krankenpfleger,Pflegekräfte,Pflegefachpersonen,Pflegepersonal,Beschäftigte in der Krankenpflege,professionell Pflegende,Pflegende,,,,,,,,,,,,,,,,
Krankenschwester,Pflegefachkraft,Pflegekraft,Pflegefachperson,,,,,,,,,,,,,,,,,,,
Krankenschwestern,Pflegekräfte,Pflegepersonal,Beschäftigte in der Krankenpflege,professionell Pflegende,Pflegende,,,,,,,,,,,,,,,,,
Kranker,kranke Person,,,,,,,,,,,,,,,,,,,,,
Kreditnehmer,Kreditnehmende,,,,,,,,,,,,,,,,,,,,,
Kriegerkodex,Kodex der Kämpfenden,,,,,,,,,,,,,,,,,,,,,
Kriegsverbrechertribunal,Tribunal für Kriegsverbrechen,,,,,,,,,,,,,,,,,,,,,
Kriminalbeamter,Person im Beamtenverhältnis bei der Kriminalpolizei,,,,,,,,,,,,,,,,,,,,,
Kritiker,Kritisierende,Kritische,kritische Stimmen,,,,,,,,,,,,,,,,,,,
Kümmererin,fürsorgliche Person,kümmernder Mensch,fürsorgliches Teammitglied/Chormitglied/... ,,,,,,,,,,,,,,,,,,,
Kunde,Kundschaft,Klientel,kaufende Person,konsumierende Person,Mensch,Person,nutzende Person,Client,,,,,,,,,,,,,,
Kunden,Kundschaft,Klientel,kaufende Personen,Menschen,Personen,Nutzende,Auftraggebende,Nachfrage,Zielgruppe,Kaufinteressierte,,,,,,,,,,,,
Kundenauftrag,Auftrag durch Kundschaft,Auftrag,,,,,,,,,,,,,,,,,,,,
Kundenbedürfnisse,Bedürfnisse der Kundschaft,,,,,,,,,,,,,,,,,,,,,
Kundenberater,Beratung der Kundschaft,,,,,,,,,,,,,,,,,,,,,
Kundenberatung,Beratung der Kundschaft,,,,,,,,,,,,,,,,,,,,,
Kundenbetreuer,Betreuung der Kundschaft,,,,,,,,,,,,,,,,,,,,,
Kundenbewertungen,Bewertungen,Bewertungssterne,Sterne-Bewertungen,,,,,,,,,,,,,,,,,,,
Kundendienst,Service,Support,,,,,,,,,,,,,,,,,,,,
kundenfreundlich,praktisch zu bedienen,publikumsfreundlich,nutzungsfreundlich,,,,,,,,,,,,,,,,,,,
Kundenkontakt,Menschenkontakt,Kontakt zur Kundschaft,,,,,,,,,,,,,,,,,,,,
Kundenkonto,Nutzungskonto,,,,,,,,,,,,,,,,,,,,,
kundenorientiert,publikumsorientiert,,,,,,,,,,,,,,,,,,,,,
Kundenprojekt,Kundschaftsprojekt,,,,,,,,,,,,,,,,,,,,,
Kundenreferenz,Referenz,,,,,,,,,,,,,,,,,,,,,
Kundenservice,Service,,,,,,,,,,,,,,,,,,,,,
Kundenstamm,treue Kundschaft,feste Kundschaft,Kundschaftsstamm,Klientelstamm,,,,,,,,,,,,,,,,,,
Kundenwerbung,Akquise,,,,,,,,,,,,,,,,,,,,,
Kundenwünsche,Wünsche der Kundschaft,,,,,,,,,,,,,,,,,,,,,
Kundenzufriedenheit,Zufriedenheit der Kundschaft,,,,,,,,,,,,,,,,,,,,,
Kunstfreunde,Kunstbegeisterte,,,,,,,,,,,,,,,,,,,,,
Kunstkenner,Kunstkennende,,,,,,,,,,,,,,,,,,,,,
Künstler,Kunstschaffende,,,,,,,,,,,,,,,,,,,,,
Künstlername,(künstlerisches) Pseudonym,Kunstname,,,,,,,,,,,,,,,,,,,,
Kunstsammler,Kunstsammelnde,,,,,,,,,,,,,,,,,,,,,
Kuratoren,Kuratierende,kuratorische Leitung,,,,,,,,,,,,,,,,,,,,
Kursadministrator,"Person, die den Kurs leitet",Kursadmin,,,,,,,,,,,,,,,,,,,,
Kursbetreuer,Kursbetreuung,,,,,,,,,,,,,,,,,,,,,
Kursteilnehmer,Kursteilnehmende,am Kurs Teilnehmende,,,,,,,,,,,,,,,,,,,,
Kurzarbeitergeld,Kurzarbeitsgeld,,,,,,,,,,,,,,,,,,,,,
Laborant,Laborfachkraft,,,,,,,,,,,,,,,,,,,,,
Lagerist,Lagerfachkraft,im Lager arbeitende Person,,,,,,,,,,,,,,,,,,,,
Laie,Mensch ohne Fachkenntnisse,fachunkundige Person,fachfremde Person,,,,,,,,,,,,,,,,,,,
Laien,Fachunkundige,Fachfremde,Nichtkundige,,,,,,,,,,,,,,,,,,,
Landnutzer,landnutzende Personen,,,,,,,,,,,,,,,,,,,,,
Landrat,Landkreisleitung,Kreisverwaltungsleitung,Landratsamtsleitung,Dienststellenleitung,Amtsvorstand,,,,,,,,,,,,,,,,,
Landsmänner,Landsleute,,,,,,,,,,,,,,,,,,,,,
Landwirt,Landwirtschaft betreibende Person,,,,,,,,,,,,,,,,,,,,,
Landwirte,Landwirtschaft Betreibende,landwirtschaftlich Beschäftigte,Beschäftigte in der Landwirtschaft,,,,,,,,,,,,,,,,,,,
Lastkraftwagenfahrer,Lastkraftwagen fahrende Person,,,,,,,,,,,,,,,,,,,,,
Läufer,laufsporttreibende Person,,,,,,,,,,,,,,,,,,,,,
Lebenspartner,Liebesmensch,Lebensmensch,,,,,,,,,,,,,,,,,,,,
Lehrer,Lehrkräfte,Lehrpersonen,das Kollegium,Lehrende,Unterrichtende,,,,,,,,,,,,,,,,,
Lehrerberuf,Lehrberuf,,,,,,,,,,,,,,,,,,,,,
Lehrerkonferenz,Kollegiumskonferenz,Konferenz,Konferenz der Lehrkräfte,Besprechung der Lehrkräfte,,,,,,,,,,,,,,,,,,
Lehrerpult,Tisch/Pult der Lehrkraft,Schreibtisch,,,,,,,,,,,,,,,,,,,,
Lehrerzimmer,Arbeitszimmer der Lehrkräfte,Teamraum,,,,,,,,,,,,,,,,,,,,
Lehrling,Nachwuchskraft,Person in Ausbildung,auszubildende Person,lernende Person,,,,,,,,,,,,,,,,,,
Lehrlinge,Auszubildende,Lernende,,,,,,,,,,,,,,,,,,,,
Lehrmeister,Ausbildende,Lehrende,,,,,,,,,,,,,,,,,,,,
Lehrstuhlinhaber,Leitende eines Lehrstuhles,,,,,,,,,,,,,,,,,,,,,
Lehrstuhlleiter,Leitende eines Lehrstuhles,,,,,,,,,,,,,,,,,,,,,
Leibeigener,leibeigene Person,,,,,,,,,,,,,,,,,,,,,
Leiharbeiternehmer,Leiharbeitnehmende,,,,,,,,,,,,,,,,,,,,,
Leistungsbezieher,Leistung Beziehende,,,,,,,,,,,,,,,,,,,,,
Leistungsträger,refinanzierende Ämter und Behörden,,,,,,,,,,,,,,,,,,,,,
Leiter,Leitung,,,,,,,,,,,,,,,,,,,,,
Lektor,das Lektorat,,,,,,,,,,,,,,,,,,,,,
Lektorstelle,Lektoratsstelle,,,,,,,,,,,,,,,,,,,,,
Leser,Lesepublikum,Leserschaft,lesende Zielgruppe,Lesende,,,,,,,,,,,,,,,,,,
Leserausweis,Leseausweis,Bibliotheksausweis,,,,,,,,,,,,,,,,,,,,
Leserbrief,Zuschrift / Kommentar zum Artikel xy,,,,,,,,,,,,,,,,,,,,,
Leserbriefe,Ihre Kommentare/Meinungen,offene Zuschriften,,,,,,,,,,,,,,,,,,,,
leserfreundlich,lesefreundlich,,,,,,,,,,,,,,,,,,,,,
Lesermarkt,Markt der Lesenden,Lesendengeschäft,,,,,,,,,,,,,,,,,,,,
Liebhaber,Begeisterte,,,,,,,,,,,,,,,,,,,,,
Liedermacher,Liederschaffende,Lieder kreierende Personen,,,,,,,,,,,,,,,,,,,,
Lieferant,Lieferfirma,lieferndes Unternehmen,Lieferunternehmen,,,,,,,,,,,,,,,,,,,
Linkshänder,linkshändige Person,,,,,,,,,,,,,,,,,,,,,
Literaturkritiker,Literaturkritisierende,,,,,,,,,,,,,,,,,,,,,
Lizenznehmer,Lizenznehmende,,,,,,,,,,,,,,,,,,,,,
Lobbyist,Interessen vertretende Person,,,,,,,,,,,,,,,,,,,,,
Logopäde,(medizinische) Fachkraft für Logopädie,,,,,,,,,,,,,,,,,,,,,
Macher,Aktive,,,,,,,,,,,,,,,,,,,,,
Mädchen für alles,Mensch für alles,,,,,,,,,,,,,,,,,,,,,
Mädchenname,Geburtsname,,,,,,,,,,,,,,,,,,,,,
Magier,(schwarze) Zauberkunst ausübende Person,,,,,,,,,,,,,,,,,,,,,
Makler,Häuser vertreibende Personen,,,,,,,,,,,,,,,,,,,,,
Maklerverbund,Maklerei,,,,,,,,,,,,,,,,,,,,,
man,Sie,viele,wir,ich,,,,,,,,,,,,,,,,,,
manch einem,manch einer Person,,,,,,,,,,,,,,,,,,,,,
Mandant,Mandantschaft,auftraggebende Person,,,,,,,,,,,,,,,,,,,,
Mandatsträger,Mandat innehabende Person,mandatstragende Person,,,,,,,,,,,,,,,,,,,,
Manipulant,manipulierende Person,,,,,,,,,,,,,,,,,,,,,
mannlos,personenlos,computergesteuert,autonom,unbesetzt,selbstständig,,,,,,,,,,,,,,,,,
mannshoch,lebensgroß,,,,,,,,,,,,,,,,,,,,,
Manntage,Arbeitstage,Leistungstage,Personentage,,,,,,,,,,,,,,,,,,,
Mannsbild,"gestandene Person, Powermensch",,,,,,,,,,,,,,,,,,,,,
Mannschaft,Team,Gruppe,Kollektiv,,,,,,,,,,,,,,,,,,,
Mannstunde,Personenstunde,,,,,,,,,,,,,,,,,,,,,
Manpower,Arbeitskraft,Humanpower,,,,,,,,,,,,,,,,,,,,
Marktakteure,Am Markt agierende Menschen und Institutionen,,,,,,,,,,,,,,,,,,,,,
Marktschreier,Angebotsausrufende,,,,,,,,,,,,,,,,,,,,,
Masterand,studentische Stelle zur Anfertigung der Masterarbeit,,,,,,,,,,,,,,,,,,,,,
Mechaniker,Fachkraft für Mechanik,,,,,,,,,,,,,,,,,,,,,
Mechatroniker,Fachkraft für Mechatronik,,,,,,,,,,,,,,,,,,,,,
Mediator,Mediation,Mediationsperson,Mediation anbietende Person,,,,,,,,,,,,,,,,,,,
Medienanbieter,Medienorganisationen,,,,,,,,,,,,,,,,,,,,,
Mediengestalter,Mediengestaltende,,,,,,,,,,,,,,,,,,,,,
Medienpartner,in Medienpartnerschaft mit ... ,,,,,,,,,,,,,,,,,,,,,
Mediziner,medizinisches/ärztliches Fachpersonal,,,,,,,,,,,,,,,,,,,,,
Mehrbenutzerfunktion,Funktion für mehrere Nutzende,,,,,,,,,,,,,,,,,,,,,
Meinungskontrahent,Meinungsgegenpart,,,,,,,,,,,,,,,,,,,,,
Meisterschaft,Turnier,Wettbewerb,,,,,,,,,,,,,,,,,,,,
Mentee,begleitete Person,beratene Person,geförderte Person,Person in Ausbildung,durch Mentoring begleitete/unterstützte Person,,,,,,,,,,,,,,,,,
Mentor,Vorbild,fürsprechende Person,beratende Person,fördernde Person,Begleitung,Kontaktperson,Ansprechperson,Ausbildungsbeauftragte Person,,,,,,,,,,,,,,
Mieterverein,Mietverein,Mietvertretung,,,,,,,,,,,,,,,,,,,,
Migrant,Person mit Migrationshintergrund,eingewanderte Person,der/die Migrierte,,,,,,,,,,,,,,,,,,,
Migranten,Personen mit Migrationshintergrund,Eingewanderte,Zugewanderte,Migrierte,,,,,,,,,,,,,,,,,,
Milchmädchenrechnung,Trugschluss,Irrtum,falsche Erwartung,Fehlschluss,Illusion,,,,,,,,,,,,,,,,,
Mindestteilnehmerzahl,Mindestanzahl Teilnehmende,,,,,,,,,,,,,,,,,,,,,
Minister,Ressortleitende,,,,,,,,,,,,,,,,,,,,,
Ministerpräsidenten,MPs,Landesoberhaupt,Vorsitz der Resortleitenden,,,,,,,,,,,,,,,,,,,
Ministrant,Mini,,,,,,,,,,,,,,,,,,,,,
Ministranten,Minis,,,,,,,,,,,,,,,,,,,,,
Mitarbeiter,Mitarbeitende,Beschäftigte,Angestellte,Tätige,Belegschaft,Teammitglieder,Arbeitskräfte,Kollegium,Personal,Teammitglieder,Werktätige,Betriebs-/Konzern-/Firmen-/Unternehmensangehörige,bei uns beschäftigte Personen,Festangestellte,Arbeitsgemeinschaft,Arbeitsgruppe,Beteiligte,Crew,Gruppe,Servicekräfte,Servicepersonal,Team
Mitarbeiterausweis,Firmenausweis,Mitarbeitendenausweis,MA-Ausweis,,,,,,,,,,,,,,,,,,,
Mitarbeiterbeurteilung,Personalbeurteilung,Angestelltenbeurteilung,,,,,,,,,,,,,,,,,,,,
Mitarbeiterführung,Personalmanagement,Personführung,Personalpolitik,,,,,,,,,,,,,,,,,,,
Mitarbeitergespräch,Dienstbesprechung,Qualifikationsgespräch,Arbeitsgespräch,Beurteilungsgespräch,Jahresgespräch,Beschäftigtengespräch,Personalgespräch,Mitarbeitendengespräch,,,,,,,,,,,,,,
Mitarbeitermobilität,Mobilität der Mitarbeitenden,Mitarbeitendenmobilität,,,,,,,,,,,,,,,,,,,,
Mitarbeiterorientierung,orientiert an den Mitarbeitenden,Mitarbeitendenorientierung,,,,,,,,,,,,,,,,,,,,
Mitarbeiterperspektive,Perspektive der Mitarbeitenden,Perspektive der Belegschaft,,,,,,,,,,,,,,,,,,,,
Mitarbeiterschulung,Schulung,Schulung der Belegschaft,MA-Schulung,Schulung der Mitarbeitenden,,,,,,,,,,,,,,,,,,
Mitarbeitersuche,Personalsuche,Mitarbeitendensuche,,,,,,,,,,,,,,,,,,,,
Mitarbeiterstellen ,Stellen für Mitarbeitende,Arbeitsplätze,,,,,,,,,,,,,,,,,,,,
Mitarbeiterverpflegung,Personalverpflegung,,,,,,,,,,,,,,,,,,,,,
Mitbewerber,die Konkurrenz,,,,,,,,,,,,,,,,,,,,,
Mitbewohner,Wohnungsteilende,,,,,,,,,,,,,,,,,,,,,
Mitbürger,Landsleute,Mitmenschen,Staatsangehörige,,,,,,,,,,,,,,,,,,,
Mitfahrergelegenheit,Mitfahrgelegenheit,,,,,,,,,,,,,,,,,,,,,
Mitglieder,Angehörige,Teil von ... ,,,,,,,,,,,,,,,,,,,,
Mitschüler,andere Kinder aus der Klasse / Schule,Mitlernende,,,,,,,,,,,,,,,,,,,,
Mitstreiter,Mitwirkende,Teilnehmende,Gleichgesinnte,,,,,,,,,,,,,,,,,,,
Mittelsmann,Mittelsperson,Mittelsmensch,,,,,,,,,,,,,,,,,,,,
Mittelständler,mittelständische Unternehmen,Angehörige des Mittelstandes,,,,,,,,,,,,,,,,,,,,
Mitwisser,Eingeweihte,,,,,,,,,,,,,,,,,,,,,
Moderator,Moderation,moderierende Person,,,,,,,,,,,,,,,,,,,,
Moderatoren,Moderationsteam,Moderierende,,,,,,,,,,,,,,,,,,,,
Modeschöpfer,Mode Schaffende,,,,,,,,,,,,,,,,,,,,,
Mofafahrer,Mofa Fahrende,,,,,,,,,,,,,,,,,,,,,
Mönch,Ordensperson,,,,,,,,,,,,,,,,,,,,,
Mönche,Ordensleute,,,,,,,,,,,,,,,,,,,,,
Monteur,montierende Person,,,,,,,,,,,,,,,,,,,,,
Müllmann,Müll entsorgende Person,Fachkraft für Kreislauf- und Abfallwirtschaft,,,,,,,,,,,,,,,,,,,,
Müllmänner,Beschäftigte der Müllabfuhr,Müllabfuhr,,,,,,,,,,,,,,,,,,,,
Multiplikator,"Person, die Informationen/Wissen weitergibt",Wissen/Informationen weitergebende Person,,,,,,,,,,,,,,,,,,,,
Münchner,die Münchner Bevölkerung,,,,,,,,,,,,,,,,,,,,,
Museologe,museumswissenschaftliches Fachpersonal,,,,,,,,,,,,,,,,,,,,,
Musiker,Musikausübende,Musikschaffende,Musikspielende,Musizierende,Mitglieder eines Orchesters, Bandmitglieder,,,,,,,,,,,,,,,,
Muslim,Mensch muslimischen Glaubens,,,,,,,,,,,,,,,,,,,,,
Musterknabe,Vorbild,Musterschulkind,,,,,,,,,,,,,,,,,,,,
Mutter,Elternteil,,,,,,,,,,,,,,,,,,,,,
Mütterberatung,Elternberatung,,,,,,,,,,,,,,,,,,,,,
Muttermal,Pigmentstörung,Leberfleck,,,,,,,,,,,,,,,,,,,,
Muttersprache,Erstsprache,erste Sprache,Hauptsprache,Elternsprache,,,,,,,,,,,,,,,,,,
Muttersprachler,Person mit der Erstsprache XYZ,"Person, die XYZ als Erstsprache spricht",xyz-erstsprachliche Person (z.B. polnisch-erstsprachliche Person),,,,,,,,,,,,,,,,,,,
Nachahmer,Menschen,andere,Menschen gleicher Gesinnung,,,,,,,,,,,,,,,,,,,
Nachbarn,nebenan Wohnende,Hausgemeinschaft,,,,,,,,,,,,,,,,,,,,
Nachbarschaft,Umgebung,,,,,,,,,,,,,,,,,,,,,
Nachfahren,Nachkommenschaft,Nachkommen,,,,,,,,,,,,,,,,,,,,
Nachfrager,Nachfragende,,,,,,,,,,,,,,,,,,,,,
Nachrücker,nachrückende Person(en),,,,,,,,,,,,,,,,,,,,,
Nächster,nächste Person,,,,,,,,,,,,,,,,,,,,,
Nachtschwärmer,Nachtleute,,,,,,,,,,,,,,,,,,,,,
Nachwuchswissenschaftler,wissenschaftlicher Nachwuchs,,,,,,,,,,,,,,,,,,,,,
Näherinnen,Nähende,,,,,,,,,,,,,,,,,,,,,
Namensvetter,Gleichnamige,,,,,,,,,,,,,,,,,,,,,
Nationalmannschaft,Nationalteam,,,,,,,,,,,,,,,,,,,,,
Naturbursche,Naturmensch,,,,,,,,,,,,,,,,,,,,,
Nebenmann,nebenstehende Person,,,,,,,,,,,,,,,,,,,,,
Neffen und Nichten,Kinder der Geschwister,,,,,,,,,,,,,,,,,,,,,
Netzwerkpartner,Netzwerkbeteiligte,Netzwerkmitglieder,,,,,,,,,,,,,,,,,,,,
Nichtraucher,nicht rauchende Person,,,,,,,,,,,,,,,,,,,,,
Nonne,Ordensperson,,,,,,,,,,,,,,,,,,,,,
Nonnen,Ordensleute,,,,,,,,,,,,,,,,,,,,,
Notar,notariell arbeitende Person,,,,,,,,,,,,,,,,,,,,,
Nutzer,"Personen, die ... nutzen",Nutzung,Mitglieder,Nutzende ,,,,,,,,,,,,,,,,,,
Nutzerdaten,(persönliche) Nutzungsdaten,Datenspuren,Daten der Nutzenden,,,,,,,,,,,,,,,,,,,
Nutzerentgelte,Nutzungsentgelte,,,,,,,,,,,,,,,,,,,,,
Nutzergemeinde,Community,Netzwerk,,,,,,,,,,,,,,,,,,,,
Nutzergruppe,mit (folgenden) Aufgaben betrauter/arbeitender Personenkreis,Nutzungsgruppe,,,,,,,,,,,,,,,,,,,,
Nutzerhandbuch,Handbuch,Nutzungshandbuch,,,,,,,,,,,,,,,,,,,,
Nutzerkonto,Account,Konto,Zugang,,,,,,,,,,,,,,,,,,,
nutzerorientiert,menschzentriert,nutzungsfreundlich,nutzungsorientiert,,,,,,,,,,,,,,,,,,,
Nutzerzufriedenheit,Zufriedenheit mit der Nutzung,Bedienzufriedenheit,,,,,,,,,,,,,,,,,,,,
Oberarzt,ärztliche Führungskraft,fachärztliche Leitung,,,,,,,,,,,,,,,,,,,,
Oberbürgermeister,Stadtoberhaupt,,,,,,,,,,,,,,,,,,,,,
Obmann,Obmensch,schiedsrichtende Person,,,,,,,,,,,,,,,,,,,,
Ökonom,ökonomisch ausgebildete Person,,,,,,,,,,,,,,,,,,,,,
Ökonomen,ökonomisch Ausgebildete,,,,,,,,,,,,,,,,,,,,,
Ombudsmann,Ombudsperson,,,,,,,,,,,,,,,,,,,,,
Opportunisten,eine die Gelegenheit ergreifende Person,,,,,,,,,,,,,,,,,,,,,
Organisatoren,Organisation,Organisationsteam/-komitee,organisiert von ...,Organisierende,,,,,,,,,,,,,,,,,,
Organspender,Organ Spendende,Organ spendende Personen,,,,,,,,,,,,,,,,,,,,
Otto Normalverbraucher,Durchschnittsmensch,,,,,,,,,,,,,,,,,,,,,
Pädagoge,pädagogische Fachkraft,,,,,,,,,,,,,,,,,,,,,
Paketbote,Paketzustellung,,,,,,,,,,,,,,,,,,,,,
Parlamentarier,Abgeordnete,,,,,,,,,,,,,,,,,,,,,
Papst,Oberhaupt der katholischen Kirche,,,,,,,,,,,,,,,,,,,,,
Parteichef,Parteivorsitz,,,,,,,,,,,,,,,,,,,,,
Partner,Unterstützung,Mitglied,Beteiligte,Kooperationen,Mitwirkende,,,,,,,,,,,,,,,,,
Partnerarbeit,Zweierarbeit,Paararbeit,Tandemarbeit,,,,,,,,,,,,,,,,,,,
Partnerländer,Kooperationsländer,,,,,,,,,,,,,,,,,,,,,
Partnerorganisation,(mit uns) kooperierende Institution,,,,,,,,,,,,,,,,,,,,,
Partnerschaft,Beziehung,Kooperation,Zusammenarbeit,Tandem,,,,,,,,,,,,,,,,,,
Partnersuche,Lebensmenschsuche,Verbündetensuche,Seelenverwandtensuche,,,,,,,,,,,,,,,,,,,
Partnerwahl,Wahl eines Lebensmenschen,,,,,,,,,,,,,,,,,,,,,
Passagier,reisende Person,,,,,,,,,,,,,,,,,,,,,
Passagiere,Reisende,,,,,,,,,,,,,,,,,,,,,
Passagierflugzeug,Reiseflugzeug,,,,,,,,,,,,,,,,,,,,,
Passanten ,Passierende,einen Ort passierende Personen,den Gehweg nutzende Personen,,,,,,,,,,,,,,,,,,,
Passantenbefragung,Straßenbefragung,,,,,,,,,,,,,,,,,,,,,
Passinhaber,im Besitz eines Passes,,,,,,,,,,,,,,,,,,,,,
Pate,Patenamt,Patenschaft,,,,,,,,,,,,,,,,,,,,
Pathologe,ärztliche Fachkraft für Pathologie,,,,,,,,,,,,,,,,,,,,,
Patienten,zu behandelnde Personen,zu Pflegende,"Personen, die in (ärztlicher) Behandlung sind",Kranke,Erkrankte,Menschen mit einer Erkrankung,"Menschen, die im Krankenhaus liegen",(von einer Krankheit) Betroffene,Behandelte,Hilfesuchende,,,,,,,,,,,,
Patientencharakteristik,Betroffenencharakteristik,Erkranktencharakteristik,,,,,,,,,,,,,,,,,,,,
Patienteninformation,Information,,,,,,,,,,,,,,,,,,,,,
Patientenkontakt,Betroffenenkontakt,,,,,,,,,,,,,,,,,,,,,
patientennah,Point-of-Care,,,,,,,,,,,,,,,,,,,,,
Patientenverfügung,Verfügung(en) für betreuende Personen,,,,,,,,,,,,,,,,,,,,,
Patientenversorgung,ärztliche Versorgung,Behandlung,Pflege,,,,,,,,,,,,,,,,,,,
Patientenzimmer,Gesundungszimmer,Heilungszimmer,Zimmer,,,,,,,,,,,,,,,,,,,
Pazifist,"Person, die für Frieden einsteht",friedensengagierte Person,,,,,,,,,,,,,,,,,,,,
Pazifisten,Friedensbewegte,,,,,,,,,,,,,,,,,,,,,
Pendler,Pendelnde,,,,,,,,,,,,,,,,,,,,,
Pendlerpauschale,Entfernungspauschale,Pendelpauschale,Pauschale für Pendelnde,"Pauschale für Menschen, die pendeln",,,,,,,,,,,,,,,,,,
Performer,Performende,,,,,,,,,,,,,,,,,,,,,
Personalentwickler,Personalentwicklung,,,,,,,,,,,,,,,,,,,,,
Personalleiter,Personalleitung,,,,,,,,,,,,,,,,,,,,,
Personalrat,Mitglied des Personalrates,,,,,,,,,,,,,,,,,,,,,
Personalräte,Mitglieder des Personalrates,der Personalrat,Mitarbeitendenvertretung,,,,,,,,,,,,,,,,,,,
Personalvertreter,Personalvertretung,,,,,,,,,,,,,,,,,,,,,
Pfadfinder,Pfadis,Pfadfindende,,,,,,,,,,,,,,,,,,,,
Pfleger,Pflegekräfte,Pflegepersonal,die Pflege,Pflegende,,,,,,,,,,,,,,,,,,
Philosoph,gelehrte Person,,,,,,,,,,,,,,,,,,,,,
Philosophen,Gelehrte,,,,,,,,,,,,,,,,,,,,,
Physiotherapeut,Physiotherapie praktizierende Person,,,,,,,,,,,,,,,,,,,,,
Pilger,Pilgernde,Menschen auf Pilgerschaft,,,,,,,,,,,,,,,,,,,,
Pilot,flugzeugführende Belegschaft,,,,,,,,,,,,,,,,,,,,,
Pilotlabor,Koordinationslabor,Koordinierungslabor,,,,,,,,,,,,,,,,,,,,
Pilotphase,Testphase,Probebetrieb,,,,,,,,,,,,,,,,,,,,
Pilotprojekt,Versuchsvorhaben,Versuchsprojekt,Testphase,,,,,,,,,,,,,,,,,,,
Pionier,vorkämpfende Person,,,,,,,,,,,,,,,,,,,,,
Pionierarbeit,wegbereitende Arbeit,bahnbrechende Leistung,,,,,,,,,,,,,,,,,,,,
Planer,planende Personen,planende Institutionen,,,,,,,,,,,,,,,,,,,,
Poet,lyrikschaffende Person,,,,,,,,,,,,,,,,,,,,,
Politiker,Menschen in der Politik,"Menschen, die in der Politik tätig sind",Mitglieder der Politik,Politikschaffende,,,,,,,,,,,,,,,,,,
Polizist,Polizeikraft,Polizei,,,,,,,,,,,,,,,,,,,,
Polizisten,Polizei,Polizeikräfte,Polizeileute,,,,,,,,,,,,,,,,,,,
Polsterer,Polsterfachkraft,,,,,,,,,,,,,,,,,,,,,
Postbote,Postzustellung,,,,,,,,,,,,,,,,,,,,,
Powerfrau,Powermensch,gestandene Person,,,,,,,,,,,,,,,,,,,,
Praktikanten,Auszubildende im Praktikum,,,,,,,,,,,,,,,,,,,,,
Praktikantenstelle,Praktikumsstelle,,,,,,,,,,,,,,,,,,,,,
Praktiker,Praktizierende,Leute aus der Praxis,praktisch veranlagte Menschen,,,,,,,,,,,,,,,,,,,
Präsident,Staatsoberhaupt,Vorsitz,,,,,,,,,,,,,,,,,,,,
Präsidenten,Vorsitzende,,,,,,,,,,,,,,,,,,,,,
Präsidentenwahl,Präsidentschaftswahl,,,,,,,,,,,,,,,,,,,,,
Praxispartner,Praxisbeteiligte,Praxismitbetreibende,Praxisunternehmen,Einrichtung zur praktischen Vertiefung,,,,,,,,,,,,,,,,,,
Prediger,Predigende,,,,,,,,,,,,,,,,,,,,,
Pressesprecher,Pressevertretung,Öffentlichkeitsarbeit,Pressestelle,,,,,,,,,,,,,,,,,,,
Proband,Testperson,Versuchsperson,,,,,,,,,,,,,,,,,,,,
Probanden,Testpersonen,Versuchspersonen,Teilnehmende,,,,,,,,,,,,,,,,,,,
Produzent ,die Produktionsleitung innehabende Person,,,,,,,,,,,,,,,,,,,,,
Produzenten,Produzierende,Produktionsteam,,,,,,,,,,,,,,,,,,,,
Professor,eine Professur innehabende Person,Prof.,,,,,,,,,,,,,,,,,,,,
Professoren,Professorenschaft,,,,,,,,,,,,,,,,,,,,,
Professorenstelle,Professorale Stelle,,,,,,,,,,,,,,,,,,,,,
Profi ,Fachperson,Person mit Fachwissen/Fachkenntnis,,,,,,,,,,,,,,,,,,,,
Profis ,Sachkundige,Fachleute,Sachverständige,,,,,,,,,,,,,,,,,,,
Programmierer,Softwareerstellende,Programmierende,,,,,,,,,,,,,,,,,,,,
Projektentwickler,Projektentwicklung,,,,,,,,,,,,,,,,,,,,,
Projektleiter,Projektleitungen,Projektleitende,,,,,,,,,,,,,,,,,,,,
Projektpartner,Projektbeteiligte,Projektmitwirkende,am Projekt beteiligte Firmen/Institute/etc.,,,,,,,,,,,,,,,,,,,
Projektträger,Projektträgerschaft,,,,,,,,,,,,,,,,,,,,,
Prokurist,Person mit Prokura,bevollmächtigte Person,,,,,,,,,,,,,,,,,,,,
Prokuristen,Personen mit Prokura,Prokura Innehabende,Prokura Ausübende,,,,,,,,,,,,,,,,,,,
Proletarier,Lohnabhängige,Werktätige,Arbeitende,Angehörige des Proletariats,,,,,,,,,,,,,,,,,,
Prominenter,prominente Persönlichkeit,,,,,,,,,,,,,,,,,,,,,
Prostituierte,im Sexgewerbe tätige Person,sich prostituierende Person,,,,,,,,,,,,,,,,,,,,
Protagonist,Figur,Hauptperson,Hauptfigur,zentrale Gestalt,Schlüsselfigur,Titelrolle,,,,,,,,,,,,,,,,
Protagonisten,Hauptpersonen,Hauptfiguren,zentrale Gestalten,Schlüsselfiguren,Titelrollen,Aktive,,,,,,,,,,,,,,,,
Prüfling,zu prüfende Person,,,,,,,,,,,,,,,,,,,,,
Psychologe,psychologische Fachkräfte,,,,,,,,,,,,,,,,,,,,,
Psychotherapeut,psychotherapeutisches Fachpersonal,psychotherapeutische Fachkraft,,,,,,,,,,,,,,,,,,,,
Putzfrau,Reinigungspersonal,Reinigungskraft,Raumpflege,,,,,,,,,,,,,,,,,,,
Rabbiner,Rabbinat,,,,,,,,,,,,,,,,,,,,,
Radfahrer,Rad Fahrende,wer mit dem Rad unterwegs ist ... ,,,,,,,,,,,,,,,,,,,,
Rassist,rassistische Person,,,,,,,,,,,,,,,,,,,,,
Räuberleiter,Steighilfe,Raubleiter,Baumleiter,Dachlattentreppe,,,,,,,,,,,,,,,,,,
Raucherabteil,Abteil für Rauchende,Abteil zum Rauchen,,,,,,,,,,,,,,,,,,,,
Raucherbereich,Bereich für Rauchende,Bereich zum Rauchen,Rauchbereich,,,,,,,,,,,,,,,,,,,
Raucherpause,Zigarettenpause,,,,,,,,,,,,,,,,,,,,,
Rechnungsempfänger,Rechnungsempfangende,Rechnungserhaltende,,,,,,,,,,,,,,,,,,,,
Rechnungsprüfer,Rechnungsprüfung,"Person, die die Rechnungsprüfung macht","Person, die für die Rechnungsprüfung verantwortlich ist",,,,,,,,,,,,,,,,,,,
Rechteinhaber,Rechteinhabende,,,,,,,,,,,,,,,,,,,,,
Rechthaber,rechthaberischer Mensch,,,,,,,,,,,,,,,,,,,,,
Rechtsanwalt,Rechtsvertretung,,,,,,,,,,,,,,,,,,,,,
Rechtsanwälte,Angehörige rechtsberatender Berufe,,,,,,,,,,,,,,,,,,,,,
Rechtshänder,rechtshändige Person,,,,,,,,,,,,,,,,,,,,,
Recruiter,rekrutierende Person,,,,,,,,,,,,,,,,,,,,,
Redakteur,Redaktion,Redationsmitglied,,,,,,,,,,,,,,,,,,,,
Rednerliste,Redeliste,,,,,,,,,,,,,,,,,,,,,
Rednerpult,Redepult,,,,,,,,,,,,,,,,,,,,,
Referendar,Lehrkraft im Referendariat,LiV (Lehrkraft im Vorbereitungsdienst),,,,,,,,,,,,,,,,,,,,
Referent,referierende Person,vortragende Person,,,,,,,,,,,,,,,,,,,,
Referenten,Referierende,Vortragende,,,,,,,,,,,,,,,,,,,,
Referententätigkeit,Referierendentätigkeit, Vortragstätigkeit,zuständig für Aufgaben im Referat xyz,zuständig für die Referatsleitung,,,,,,,,,,,,,,,,,,
Regierungschef,Staatsoberhaupt,Regierung anführende Person,,,,,,,,,,,,,,,,,,,,
Regisseur,Regie,,,,,,,,,,,,,,,,,,,,,
Rehasportler,Rehasportinteressierte,,,,,,,,,,,,,,,,,,,,,
Reiseleiter,Reiseleitung,,,,,,,,,,,,,,,,,,,,,
Reisender,reisende Person,,,,,,,,,,,,,,,,,,,,,
Reiseveranstalter,Reiseveranstaltung,Reisebüro,Reiseorganisation,Reisekoordination,Reiseausrichtung,Reiseveranstaltende,,,,,,,,,,,,,,,,
Reiter,"Person, die reitet",,,,,,,,,,,,,,,,,,,,,
Rekrut,Nachwuchs (der Grundausbildung in der Bundeswehr),,,,,,,,,,,,,,,,,,,,,
Rektor,Schulleitung,,,,,,,,,,,,,,,,,,,,,
Rentner,"Menschen, im Rentenalter","Menschen, die in der Rente sind",Menschen in Rente,,,,,,,,,,,,,,,,,,,
Repräsentanten,Vertretung,,,,,,,,,,,,,,,,,,,,,
Rettungsassistent,Rettungsassistenz,mitarbeitende Person im Rettungsdienst,,,,,,,,,,,,,,,,,,,,
Rettungssanitäter,Rettungskraft,Rettungssanitätsdienst,,,,,,,,,,,,,,,,,,,,
Rettungshelfer,Rettungshilfe,rettungshilfeleistende Person,,,,,,,,,,,,,,,,,,,,
Rezeptionist,Empfang,Person/Personal am Empfang,Rezeption,,,,,,,,,,,,,,,,,,,
Rezipient,rezipierende Person,empfangende Person,,,,,,,,,,,,,,,,,,,,
Rezipienten,Rezipierende,Publikum,,,,,,,,,,,,,,,,,,,,
Richter,Richterschaft,,,,,,,,,,,,,,,,,,,,,
Ritter,Mensch in Rüstung,,,,,,,,,,,,,,,,,,,,,
Rivale,Konkurrenz,Gegenpart,,,,,,,,,,,,,,,,,,,,
Sachbearbeiter,Verwaltungskräfte,Sachbearbeitende,Sachverständige,,,,,,,,,,,,,,,,,,,
Sachbearbeiternummer,Kennnummer,Verwaltungsnummer,Nummer der zuständigen Verwaltungskraft,,,,,,,,,,,,,,,,,,,
Sachverständiger,Person mit Sachverstand in ... ,,,,,,,,,,,,,,,,,,,,,
Salafist,salafistische Person,,,,,,,,,,,,,,,,,,,,,
Sammler,Sammelnde,,,,,,,,,,,,,,,,,,,,,
Sänger,Stimmen,Chor,Choraktive,"Personen, die singen",Gesangsgruppe,Singende,,,,,,,,,,,,,,,,
Sanitäter,Rettungskräfte,Sanitätsdienst,,,,,,,,,,,,,,,,,,,,
Schauspieler,Rollen,Besetzung,Darstellende,,,,,,,,,,,,,,,,,,,
Schirmherr,Support,gefördert/unterstützt von... ,,,,,,,,,,,,,,,,,,,,
Schirmherrschaft,Support,gefördert/unterstützt von...,Vorstand,Repräsentanz,,,,,,,,,,,,,,,,,,
Schlägertyp,gewalttätige Person,,,,,,,,,,,,,,,,,,,,,
Schlichter,Schlichtende,Schlichtungspersonen,,,,,,,,,,,,,,,,,,,,
Schmied,auf die Schmiedekunst spezialisierte Person,,,,,,,,,,,,,,,,,,,,,
Schneemann,Schneefigur,,,,,,,,,,,,,,,,,,,,,
Schöpfer,(Er-)Schaffende,,,,,,,,,,,,,,,,,,,,,
Schriftsteller,Urheberrechtsinhabende,Verfassende,Schreibende,Literaturschaffende,,,,,,,,,,,,,,,,,,
Schulabbrecher,Geringqualifizierte,Menschen ohne Schulabschluss,,,,,,,,,,,,,,,,,,,,
Schulbegleiter,Schulbegleitung,,,,,,,,,,,,,,,,,,,,,
Schüler,Schulkinder,Kinder,Jugendliche,die Klasse,Lernende,Beschulte,Klassenmitglieder,Mädchen und Jungen,Schülerschaft,Schülis,,,,,,,,,,,,
Schüleraustausch,Schulaustausch,,,,,,,,,,,,,,,,,,,,,
Schülerausweis,Schulausweis,,,,,,,,,,,,,,,,,,,,,
Schülerbegegnung,Schulbegegnung,Klassenbegegnung,,,,,,,,,,,,,,,,,,,,
Schülerexperiment,Gruppenexperiment,Klassenexperiment,Einzelexperiment,,,,,,,,,,,,,,,,,,,
Schülerfahrtkosten,Schulfahrtkosten,Schulwegkosten,Exkurskosten,Fahrtkosten,,,,,,,,,,,,,,,,,,
Schülerlabor,Schullabor,,,,,,,,,,,,,,,,,,,,,
Schülerpraktikum,Schulpraktikum,Praktikum in der Schulzeit,,,,,,,,,,,,,,,,,,,,
Schülervertreter,Schulkindervertretung,Vertretung der Lernenden,,,,,,,,,,,,,,,,,,,,
Schülervorstellungen,Schulaufführungen,Projektvorstellung,Musikaufführung,Theateraufführung,Konzert,Talentshow,Aufführung,,,,,,,,,,,,,,,
Schülerzeitung,Schülerschaftszeitung,,,,,,,,,,,,,,,,,,,,,
Schulleiter,Schulleitung,,,,,,,,,,,,,,,,,,,,,
Schulsozialarbeiter,Fachkraft für Schulsozialarbeit,,,,,,,,,,,,,,,,,,,,,
Schulträger,Schulträgerschaft,,,,,,,,,,,,,,,,,,,,,
Schulungsleiter,Schulungsleitung,,,,,,,,,,,,,,,,,,,,,
Schuster,Schusterwerkstatt,Schusterei,,,,,,,,,,,,,,,,,,,,
Schütze,schießende Person,Schuss abgebende Person/Dienstkraft,,,,,,,,,,,,,,,,,,,,
Schützenkönig,treffsicherste Person,,,,,,,,,,,,,,,,,,,,,
Schwätzer,Person mit losem Mundwerk,Unsinn redende Person,,,,,,,,,,,,,,,,,,,,
Schwimmmeister,Badeaufsicht,,,,,,,,,,,,,,,,,,,,,
Schwimmmeisterraum,Raum der Badeaufsicht,,,,,,,,,,,,,,,,,,,,,
Seefahrer,Seeleute,,,,,,,,,,,,,,,,,,,,,
Seemann,Hochsee-Fachkraft,maritime Fachkraft,,,,,,,,,,,,,,,,,,,,
seinerzeit,zu jener Zeit,damals,einst,früher,,,,,,,,,,,,,,,,,,
seinesgleichen,von gleicher Art,,,,,,,,,,,,,,,,,,,,,
Seiteneinsteiger,Person mit Seiteneinstieg/Quereinstieg,,,,,,,,,,,,,,,,,,,,,
Seiteneinsteigerlehrgang,Seiteneinstiegslehrgang,,,,,,,,,,,,,,,,,,,,,
Seiteneinsteigerprogramm,Seiteneinstiegsprogramm,,,,,,,,,,,,,,,,,,,,,
Sekretärin,Verwaltungskraft,Assistenz,Schreibkraft,Bürokraft,,,,,,,,,,,,,,,,,,
Sekretärinnen,Verwaltungskräfte,Verwaltungsfachangestellte,Assistenzen,Schreibkräfte,Bürokräfte,,,,,,,,,,,,,,,,,
Selbstabholer,bei Selbstabholung,,,,,,,,,,,,,,,,,,,,,
Selbstdarsteller,sich selbst darstellende Person,,,,,,,,,,,,,,,,,,,,,
Seminarleiter,Seminarleitung,,,,,,,,,,,,,,,,,,,,,
Sender,Sendende,,,,,,,,,,,,,,,,,,,,,
Senioren,ältere Menschen,Menschen im Rentenalter,,,,,,,,,,,,,,,,,,,,
Seniorenbeirat,Älterenbeirat,Ruhestandsbeirat,,,,,,,,,,,,,,,,,,,,
Servicemitarbeiter,Service,,,,,,,,,,,,,,,,,,,,,
Sexist,sexistische Person,,,,,,,,,,,,,,,,,,,,,
Showmaster,Showleitung,Showmoderation,moderierende Person,,,,,,,,,,,,,,,,,,,
Sicherheitsbeauftragter,für Sicherheit zuständige/beauftragte Person,für Sicherheitsthemen zuständige/beauftragte Person,,,,,,,,,,,,,,,,,,,,
Siedler,Ansässige,Siedelnde,,,,,,,,,,,,,,,,,,,,
Siegerehrung,Bestenehrung,Bestenauszeichnung,Ehrung der gewinnenden Personen,,,,,,,,,,,,,,,,,,,
Sitznachbar,Person neben mir,nebenan sitzende Person,,,,,,,,,,,,,,,,,,,,
Sklave,versklavte Person,in Sklaverei gehaltene Person,unfreier Mensch,leibeigene Person,,,,,,,,,,,,,,,,,,
Sklaven,Versklavte,in Sklaverei Gehaltene,Unfreie,Leibeigene,,,,,,,,,,,,,,,,,,
Sklavenhalter,Sklaverei Ausführende,,,,,,,,,,,,,,,,,,,,,
Solist,Solopart,,,,,,,,,,,,,,,,,,,,,
Sozialarbeiter,Sozialarbeitende,Fachkräfte der Sozialen Arbeit,,,,,,,,,,,,,,,,,,,,
Sozialleistungsträger,Sozialleistungstragende,,,,,,,,,,,,,,,,,,,,,
Sozialpädagoge,sozialpädagogische Fachkraft,,,,,,,,,,,,,,,,,,,,,
Sozialversicherungsfachangestellter,in der Sozialversicherung fachangestellte Person,,,,,,,,,,,,,,,,,,,,,
Sparringspartner,sich mit XY sparrende Person,,,,,,,,,,,,,,,,,,,,,
Spaßverderber,Spaßbremse,,,,,,,,,,,,,,,,,,,,,
Spaziergänger,Personen zu Fuß,,,,,,,,,,,,,,,,,,,,,
Spediteur,für den Warentransport beauftragte Person,,,,,,,,,,,,,,,,,,,,,
Spekulant,spekulierende Person,,,,,,,,,,,,,,,,,,,,,
Spender,Gebende,Sponsoring,Spenden,,,,,,,,,,,,,,,,,,,
Spezialisten,Sachkundige,Fachleute,Sachverständige,,,,,,,,,,,,,,,,,,,
Spezialistenfunktion,Sachkundigenfunktion,,,,,,,,,,,,,,,,,,,,,
Spieler,Spielende,Teammitglieder,,,,,,,,,,,,,,,,,,,,
Spielleiter,Spielleitung,Spielmoderation,,,,,,,,,,,,,,,,,,,,
Spielverderber,Spielverderbende Person,Spaßbremse,,,,,,,,,,,,,,,,,,,,
Spion,auskundschaftende Person,spionierende Person,,,,,,,,,,,,,,,,,,,,
Spitzbubenleiter,Steighilfe,Raubleiter,Baumleiter,Dachlattentreppe,,,,,,,,,,,,,,,,,,
Spitzenvertreter,Spitzenvertretung,,,,,,,,,,,,,,,,,,,,,
Sprengbefugter,sprengbefugte Person,,,,,,,,,,,,,,,,,,,,,
Sprengberechtigter,sprengberechtigte Person,,,,,,,,,,,,,,,,,,,,,
Sponsoren,Sponsoring,geldgebende Personen/Firmen,unterstützende Personen/Firmen,Sponsoringkreis,Sponsoringbeteiligte,,,,,,,,,,,,,,,,,
Sportfreunde,Mitglieder des/unseres Vereins,,,,,,,,,,,,,,,,,,,,,
Sportler,Sporttreibende,,,,,,,,,,,,,,,,,,,,,
Staatsbürgerschaft,Staatsangehörigkeit,Nationalität,,,,,,,,,,,,,,,,,,,,
Staatsmänner,Volksbeauftragte,Menschen in der Politik,Mitglieder des Bundestags / Bundesrats / der Regierung / ...,MdB,,,,,,,,,,,,,,,,,,
Stadtführer,Stadtführung,Reiseleitung,,,,,,,,,,,,,,,,,,,,
Stakeholder,Anspruchsgruppe,Interessenvertretung,,,,,,,,,,,,,,,,,,,,
Star,berühmte Persönlichkeit,Berühmtheit,,,,,,,,,,,,,,,,,,,,
Steinewerfer,Steinewerfende,Steine werfende Personen,,,,,,,,,,,,,,,,,,,,
Steinmetz,Stein bearbeitende Person,,,,,,,,,,,,,,,,,,,,,
Sterbender,sterbende Person,,,,,,,,,,,,,,,,,,,,,
Steuerberater,Angehörige der steuerberatenden Berufe,,,,,,,,,,,,,,,,,,,,,
Steuerberaterpraxis,Steuerberatungspraxis,,,,,,,,,,,,,,,,,,,,,
Steuerhinterzieher,Steuerhinterziehende,,,,,,,,,,,,,,,,,,,,,
stiefmütterlich,stiefelterlich,achtlos,nachlässig,gleichgültig,lieblos,,,,,,,,,,,,,,,,,
Stifterrat,Stiftungsrat,,,,,,,,,,,,,,,,,,,,,
Stifterversammlung,Stiftungsversammlung,,,,,,,,,,,,,,,,,,,,,
Stipendiat,geförderte Person,,,,,,,,,,,,,,,,,,,,,
Stipendiaten,Studierende mit Stipendium,Geförderte,,,,,,,,,,,,,,,,,,,,
Störer,Störende,,,,,,,,,,,,,,,,,,,,,
Strafgefangener,Person in Haft,,,,,,,,,,,,,,,,,,,,,
Sträfling,Person in Haft,,,,,,,,,,,,,,,,,,,,,
Straftäter,straffällige Person,,,,,,,,,,,,,,,,,,,,,
Streamer,Streamende,,,,,,,,,,,,,,,,,,,,,
Strichmännchen,Strichfigürchen,Strichmensch,Strichmenschlein,,,,,,,,,,,,,,,,,,,
Strohmann,Strohmensch,Strohfigur,,,,,,,,,,,,,,,,,,,,
Strohmänner,Strohleute,,,,,,,,,,,,,,,,,,,,,
Student,Studi,Mitglied der Studierenden,,,,,,,,,,,,,,,,,,,,
Studenten,Studierende,Studis,,,,,,,,,,,,,,,,,,,,
Studentenjob,Studierendenjob,Studijob,Job,,,,,,,,,,,,,,,,,,,
Studentenwerk,Studierendenwerk,,,,,,,,,,,,,,,,,,,,,
Studentenwohnheim,Studierendenwohnheim,,,,,,,,,,,,,,,,,,,,,
Studienanfänger,Studienbeginnende,Erstsemestrige,,,,,,,,,,,,,,,,,,,,
Studienaussteiger,Studienabbrechende,,,,,,,,,,,,,,,,,,,,,
Studienbewerber,Studienbewerbungen,Einschreibungen,,,,,,,,,,,,,,,,,,,,
Supervisor,Person mit Führungsverantwortung,,,,,,,,,,,,,,,,,,,,,
Supervisoren,Supervidierende,,,,,,,,,,,,,,,,,,,,,
Supporter,Mitwirkende,Befürwortende,,,,,,,,,,,,,,,,,,,,
Systemadministrator,Systemadmin,Systemadministration,,,,,,,,,,,,,,,,,,,,
Systembetreuer,Systembetreuung,,,,,,,,,,,,,,,,,,,,,
Tagesmutter,Tagespflege(person),Tagesbetreuung,Kinderbetreuung,,,,,,,,,,,,,,,,,,,
Tagesmütter,Tageseltern,,,,,,,,,,,,,,,,,,,,,
Tante-Emma-Laden,Minimarkt,Laden für Waren des täglichen Bedarfs,,,,,,,,,,,,,,,,,,,,
Tanten und Onkel,Geschwister der Eltern,,,,,,,,,,,,,,,,,,,,,
Tänzer,Tanzende,Tanzbegeisterte,,,,,,,,,,,,,,,,,,,,
Täter,Unrechtspersonen,Kriminelle,(Straf-)Tat begangen von... ,,,,,,,,,,,,,,,,,,,
Täterrolle,Tatbegehende,,,,,,,,,,,,,,,,,,,,,
Täufling,Taufkind,getauft werdende Person,,,,,,,,,,,,,,,,,,,,
Teampartner,Teammitglied,,,,,,,,,,,,,,,,,,,,,
Technologe,Technologiefachkraft,,,,,,,,,,,,,,,,,,,,,
Teilnehmer,Teilnehmende,Beteiligte,"alle, die an ... teilnehmen",Anwesende,Anmeldungen,,,,,,,,,,,,,,,,,
Teilnehmergebühr,Teilnahmegebühr,Kursgebühr,Kosten,,,,,,,,,,,,,,,,,,,
Teilnehmerliste,Teilnahmeliste,Anwesenheitsliste,Teilnehmendenliste,,,,,,,,,,,,,,,,,,,
teilnehmerorientiert,subjektorientiert,personorientiert,teilnehmendenorientiert,gruppenorientiert,,,,,,,,,,,,,,,,,,
Teilnehmerzahl,Teilnahmezahl,Gruppengröße,Anmeldezahl,,,,,,,,,,,,,,,,,,,
Telemitarbeiter,Telemitarbeitende,,,,,,,,,,,,,,,,,,,,,
Terrorist,des Terrors verdächtigte Person,eines Terroranschlags überführte Person,,,,,,,,,,,,,,,,,,,,
Terroristen,Terrorisierende,,,,,,,,,,,,,,,,,,,,,
Tester,Testende,Testpersonen,,,,,,,,,,,,,,,,,,,,
Theaterpädagoge,theaterpädagogische Fachkraft,,,,,,,,,,,,,,,,,,,,,
Theoretiker,theoretisch Arbeitende,,,,,,,,,,,,,,,,,,,,,
Therapeut,therapeutisches Fachpersonal,,,,,,,,,,,,,,,,,,,,,
Therapeuten,Therapierende,,,,,,,,,,,,,,,,,,,,,
Tierarzt,tiermedizinisches Fachpersonal,,,,,,,,,,,,,,,,,,,,,
Tierhalter,tierhaltende Person,,,,,,,,,,,,,,,,,,,,,
Tierschützer,Tierschützende,,,,,,,,,,,,,,,,,,,,,
Tontechniker,tontechnische Fachkraft,,,,,,,,,,,,,,,,,,,,,
Torhüter,torhütende Person,,,,,,,,,,,,,,,,,,,,,
Torwart,torhütende Person,,,,,,,,,,,,,,,,,,,,,
Tourguide,Tourleitung,Reiseleitung,,,,,,,,,,,,,,,,,,,,
Träger,Trägerschaft,verantwortliche Einrichtung/Körperschaft,,,,,,,,,,,,,,,,,,,,
Trainer,Moderierende,Referierende,Vortragende,Unterrichtende,Lehrende,,,,,,,,,,,,,,,,,
Transatlantiker,Menschen (in der Politik) mit transatlantischen Gedanken,,,,,,,,,,,,,,,,,,,,,
Trauzeuge,die Trauung bezeugende Personen,Trauungsbegleitung,,,,,,,,,,,,,,,,,,,,
Trauzeugen,die Trauung Bezeugende,Trauungsbegleitung,,,,,,,,,,,,,,,,,,,,
Treuhänder,treuhändisch beauftragte Person,,,,,,,,,,,,,,,,,,,,,
Tüftler,tüftelnde Person,,,,,,,,,,,,,,,,,,,,,
Turnschwestern,Turngeschwister,,,,,,,,,,,,,,,,,,,,,
Tutor,studentische Hilfskraft,Übungsgruppenleitung,Tutoriumsleitung,,,,,,,,,,,,,,,,,,,
Tutoren,Übungs(an)leitende,Tutoriumsbegleitende,Ratgebende,Begleitung,studentische Hilfskräfte,,,,,,,,,,,,,,,,,
Überbringer,überbringende Person,,,,,,,,,,,,,,,,,,,,,
übermannen,überkommen,überwältigen,,,,,,,,,,,,,,,,,,,,
Übersetzer,Übersetzende,Literatur Übersetzende,,,,,,,,,,,,,,,,,,,,
Umschüler,Umlernende,Umschulende,die zu Qualifizierenden,Personen in beruflicher Neuorientierung,,,,,,,,,,,,,,,,,,
Unbekannter,unbekannte Person,,,,,,,,,,,,,,,,,,,,,
unbemannt,ohne Besatzung,maschinengesteuert,autonom,ferngesteuert,unbesetzt,robotisch,personenlos,,,,,,,,,,,,,,,
Unternehmer,Selbstständige,Wirtschaftstreibende,Geschäftsleute,Gewerbe Betreibende,,,,,,,,,,,,,,,,,,
Unterstützer,support,Geldgebende,Förderung durch ...,Mitwirkende,Befürwortende,,,,,,,,,,,,,,,,,
Unterzeichner,Unterzeichnende,Unterschriften,,,,,,,,,,,,,,,,,,,,
Urheber,Person der Urheberschaft,,,,,,,,,,,,,,,,,,,,,
Urheberrecht,Recht auf Urheberschaft,,,,,,,,,,,,,,,,,,,,,
Urlauber,Reisende,,,,,,,,,,,,,,,,,,,,,
User,Nutzende,"Personen, die Apps/Software nutzen",Mitglieder,,,,,,,,,,,,,,,,,,,
V-Mann,V-Person,,,,,,,,,,,,,,,,,,,,,
V-Männer,V-Leute,,,,,,,,,,,,,,,,,,,,,
Vater,Elternteil,,,,,,,,,,,,,,,,,,,,,
Vaterland,Heimatland,Geburtsland,Erstland,,,,,,,,,,,,,,,,,,,
Veganer,vegan lebende Person,,,,,,,,,,,,,,,,,,,,,
Vegetarier,vegetarisch lebende Person,,,,,,,,,,,,,,,,,,,,,
Veranstalter,Einladende,veranstaltet durch/von ... ,Organisation,Ausrichtung,,,,,,,,,,,,,,,,,,
Verbandsgesellschafter,Vertretungen / Beteiligte der Verbände,,,,,,,,,,,,,,,,,,,,,
Verbandsvertreter,Vertretungen / Beteiligte der Verbände,,,,,,,,,,,,,,,,,,,,,
Verbraucher,Kundschaft,Konsumierende,Privatpersonen,Verbrauchende,,,,,,,,,,,,,,,,,,
Verbrüderung,Verschwisterung,,,,,,,,,,,,,,,,,,,,,
Verbündeter,ein Bündnis einhaltende Person,verbündete Person,,,,,,,,,,,,,,,,,,,,
Verfasser,verfasst von,Autorenschaft ,,,,,,,,,,,,,,,,,,,,
Verfechter,für einen Standpunkt einstehende Person,für ... einstehende Person,,,,,,,,,,,,,,,,,,,,
Verfolger,verfolgende Person,,,,,,,,,,,,,,,,,,,,,
Verfolgungsakteure,Verfolgende,,,,,,,,,,,,,,,,,,,,,
Verhandlungspartner,Verhandlungsgegenseite,Verhandlungsgegenüber,,,,,,,,,,,,,,,,,,,,
Verkäufer,Kaufhauspersonal,Personal,Verkaufskräfte,Anbietende,Handeltreibende,Verkaufende,,,,,,,,,,,,,,,,
Verkehrsteilnehmer,Verkehrsbeteiligte,,,,,,,,,,,,,,,,,,,,,
Verleger ,Publizierende,,,,,,,,,,,,,,,,,,,,,
Verlierer,die Letzten,,,,,,,,,,,,,,,,,,,,,
Versender,versendende Person,versendet von ... ,,,,,,,,,,,,,,,,,,,,
Versichertenkarte,Versicherungskarte,Gesundheitskarte,Krankenkassenkarte,,,,,,,,,,,,,,,,,,,
Versichertennummer,Versicherungsnummer,,,,,,,,,,,,,,,,,,,,,
Verstorbener,verstorbene Person,,,,,,,,,,,,,,,,,,,,,
Vertragspartner,Vertragsparteien,,,,,,,,,,,,,,,,,,,,,
Vertreter,vertreten durch,Vertretung,Delegierte,Abgesandte,Abgeordnete,Beauftragte,Mitglieder,Vertretende,,,,,,,,,,,,,,
Vertriebler,Vertriebsmitarbeitende,,,,,,,,,,,,,,,,,,,,,
Verursacher,Verursachende,,,,,,,,,,,,,,,,,,,,,
Verwalter,verwaltende Person/Firma/Institution,Verwaltung,,,,,,,,,,,,,,,,,,,,
Verwender,Verwendende,,,,,,,,,,,,,,,,,,,,,
Veteran,altgediente Person,,,,,,,,,,,,,,,,,,,,,
Veteranen,Altgediente,ehemalige Kriegsteilnehmende,,,,,,,,,,,,,,,,,,,,
Virologen,Menschen mit Fachgebiet Virologie,medizinisches / ärztliches Fachpersonal mit Expertise in Virologie,,,,,,,,,,,,,,,,,,,,
Vizepräsident,Vizevorsitz,Vizepräsidentschaft,Vize,,,,,,,,,,,,,,,,,,,
Volontärsbeauftragter,beauftragte Person fürs Volontariat,,,,,,,,,,,,,,,,,,,,,
Vordermann,Person davor,"Person, die davor kam",,,,,,,,,,,,,,,,,,,,
Vorgänger,vorangegangene Person,Person vor mir,,,,,,,,,,,,,,,,,,,,
Vorgängerprojekt,Vorprojekt,vorangegangenes Projekt,,,,,,,,,,,,,,,,,,,,
Vorgängerstudie,Vorstudie,vorangegangene Studie,,,,,,,,,,,,,,,,,,,,
Vorgesetzter,Führungskraft,,,,,,,,,,,,,,,,,,,,,
Vormund,die Vormundschaft innehabende Person,Vormundschaft,,,,,,,,,,,,,,,,,,,,
Vorreiter,Person an der Spitze,"Person, die etwas vorlebt","Person, die voraus denkt/handelt",,,,,,,,,,,,,,,,,,,
Vorreiterrolle,Führungsrolle,,,,,,,,,,,,,,,,,,,,,
Wachmann,Wachpersonal,,,,,,,,,,,,,,,,,,,,,
Wächter,Wache,,,,,,,,,,,,,,,,,,,,,
Wähler,Wahlberechtigte,"alle, die zur Wahl gegangen sind",Stimmberechtigte,Wahlvolk,,,,,,,,,,,,,,,,,,
Wählerinitiative,Initiative der Wahlberechtigten,,,,,,,,,,,,,,,,,,,,,
Wählerverzeichnis,Wählendenverzeichnis,Wahlverzeichnis,,,,,,,,,,,,,,,,,,,,
Wählerstimme,Wahlstimme,,,,,,,,,,,,,,,,,,,,,
Wahlmänner,Wahlleute,,,,,,,,,,,,,,,,,,,,,
Wart,überwachende Person,,,,,,,,,,,,,,,,,,,,,
Wegewart,Wege überwachende Person,,,,,,,,,,,,,,,,,,,,,
Weggefährte,Wegbegleitung,,,,,,,,,,,,,,,,,,,,,
weltmännisch,kosmopolitisch,weltgewandt,,,,,,,,,,,,,,,,,,,,
Weltmarktführer,Weltmarktführende,,,,,,,,,,,,,,,,,,,,,
Werkstudent,Werkstudi,studentische Hilfskraft,studentische Stelle,studentischer Job,,,,,,,,,,,,,,,,,,
Werkstudenten,Werkstudierende,,,,,,,,,,,,,,,,,,,,,
Werkstudentenstelle,Werkstudierendenstelle,,,,,,,,,,,,,,,,,,,,,
Werkzeugmechaniker,Fachkraft für Werkzeugmechanik,,,,,,,,,,,,,,,,,,,,,
Widersacher,Widerpart,Konkurrenz,,,,,,,,,,,,,,,,,,,,
Widerstandskämpfer,Widerstandsleistende,,,,,,,,,,,,,,,,,,,,,
Wikipedianer,Menschen hinter Wikipedia,Mitwirkende bei Wikipedia,,,,,,,,,,,,,,,,,,,,
Wilderer,wildernde Person,"Person, die wildert","Person, die unbefugt jagt",,,,,,,,,,,,,,,,,,,
Wirtschaftsprüfer,Angehörige der wirtschaftsprüfenden Berufe,,,,,,,,,,,,,,,,,,,,,
Wirtschaftswissenschaftler,Forschende der Wirtschaft(swissenschaft),,,,,,,,,,,,,,,,,,,,,
Wissenschaftler,Forschende,wissenschaftliches Personal der Universität,Menschen aus der Wissenschaft,wissenschaftliche Arbeitskraft,,,,,,,,,,,,,,,,,,
wissenschaftlicher Mitarbeiter,wissenschaftlich mitarbeitende Person,wissenschaftliche Fachkraft,,,,,,,,,,,,,,,,,,,,
wissenschaftliche Mitarbeiter,wissenschaftliche Mitarbeitende,,,,,,,,,,,,,,,,,,,,,
Wissensträger,Wissenstragende Person,des Wissens mächtige Person,,,,,,,,,,,,,,,,,,,,
Witwer,Verwitwete,,,,,,,,,,,,,,,,,,,,,
Workshopleiter,Workshopleitung,,,,,,,,,,,,,,,,,,,,,
Xylophonspieler,Xylophon Spielende,,,,,,,,,,,,,,,,,,,,,
YouTuber,auf Youtube arbeitende/performende Person,Person auf Youtube,einen Youtube-Kanal betreibende Person,,,,,,,,,,,,,,,,,,,
Zahlungsempfänger,Zahlung empfangende Person,,,,,,,,,,,,,,,,,,,,,
Zahnarzt,zahnärztliches Fachpersonal,Fachkraft der Zahnmedizin,zahnmedizinisches Fachpersonal,,,,,,,,,,,,,,,,,,,
Zahnarztpraxis,Praxis für Zahnerhaltung,zahnmedizinische Praxis,Praxis für Zahnmedizin,,,,,,,,,,,,,,,,,,,
Zauberer,Zauberkunstschaffende,,,,,,,,,,,,,,,,,,,,,
Zeitarbeitnehmer,Zeitarbeitnehmende,,,,,,,,,,,,,,,,,,,,,
Zeitgenosse,Mitmensch,,,,,,,,,,,,,,,,,,,,,
Zeitwächter,Zeitwache,,,,,,,,,,,,,,,,,,,,,
Zeitzeuge,zeitbezeugende Person,vor Ort gewesene Person,,,,,,,,,,,,,,,,,,,,
Zeuge,bezeugende Person,,,,,,,,,,,,,,,,,,,,,
Zeugen,Bezeugende,,,,,,,,,,,,,,,,,,,,,
Zimmerer,Zimmereifachkraft,,,,,,,,,,,,,,,,,,,,,
Zimmermädchen,Servicekraft,Raumpflege,Reinigungskraft,,,,,,,,,,,,,,,,,,,
Zimmermann,Zimmereifachkraft,,,,,,,,,,,,,,,,,,,,,
Zivilist,Zivilperson,,,,,,,,,,,,,,,,,,,,,
Zivilisten,Zivilpersonen,,,,,,,,,,,,,,,,,,,,,
Zoobesucher,Zoobesuche,,,,,,,,,,,,,,,,,,,,,
Züchter,Fachperson Tier-/Pflanzen-/...-Zucht,,,,,,,,,,,,,,,,,,,,,
Zugang für Rollstuhlfahrer,barrierefreier Zugang,,,,,,,,,,,,,,,,,,,,,
Zuhörer,Publikum,Auditorium,Zuhörerschaft,,,,,,,,,,,,,,,,,,,
Zulieferer,Zulieferfirma,,,,,,,,,,,,,,,,,,,,,
Zuschauer,Publikum,Zuschauende,,,,,,,,,,,,,,,,,,,,
Zuschauerquote,Einschaltquote,,,,,,,,,,,,,,,,,,,,,
Zuschauerzahl,Publikumszahl,,,,,,,,,,,,,,,,,,,,,
Zuständiger,zuständige Person,,,,,,,,,,,,,,,,,,,,,
Zuwanderer,Zugewanderte,Personen mit Migrationshintergrund,Eingewanderte,Migrierte,,,,,,,,,,,,,,,,,,
