Abbrecherquote,Abbruchquote,,,,,,,,,,,
Abenteurer,Waghals,abenteuerliebende Person,abenteuerlustige Person,abenteuermutige Person,Abenteuermensch,,,,,,,
Abgänger,absolvierende Person,Abschluss innehabende Person,,,,,,,,,,
Abiturient,Abitur ablegende Person,"Person, die Abitur macht",,,,,,,,,,
Abkömmling,abstammende Person,nachkommende Person,Kind,Kindeskind,Person gleicher Abstammung,,,,,,,
Abonnent,Bezugsperson,medienbeziehende Person,ein Abonnement beziehende Person,,,,,,,,,
Abonnenten,Abonnement-Beziehende,Abonnierende,Followers,Follis,,,,,,,,
Absolventenpraktikum,Praktikum (direkt) nach Studienabschluss,,,,,,,,,,,
Abteilungsleiter,Abteilungsleitung,,,,,,,,,,,
Abteilungsleitertreffen,Treffen der Abteilungsleitungen,Treffen der Leitungsebene,,,,,,,,,,
Administrator,Administration,Admin,,,,,,,,,,
Administratoren,Administration,Admins,Administrierende,,,,,,,,,
Adressat,adressierte Person,an ... ,,,,,,,,,,
Adressatenkreis,Zielgruppe,,,,,,,,,,,
Agentenfilm,Spionagefilm,,,,,,,,,,,
Agententhriller,Spionagethriller,,,,,,,,,,,
Akteursnetzwerk,Netzwerk von Engagierten,Netzwerk von Aktiven,,,,,,,,,,
Aktionär,Person mit Aktienbesitz,,,,,,,,,,,
Aktionäre,Aktien-/Anteilshabende,,,,,,,,,,,
Aktionärsversammlung,Versammlung von Personen mit Aktienbesitz,Versammlung von Anteilshabenden,,,,,,,,,,
Aktivist,engagierte Person,politisch aktiver Mensch,,,,,,,,,,
Aktivisten,engagierte Personen,politisch aktive Menschen,zielstrebig Handelnde,,,,,,,,,
Alkoholiker,alkoholsüchtige Person,Person mit Alkoholsucht,,,,,,,,,,
Alleinerziehende,Ein-Eltern-Haushalt,Ein-Eltern-Familie,alleinerziehende Person,,,,,,,,,
Alleskönner,Multitalent,Universalgenie,vielseitig begabter Mensch,,,,,,,,,
Allgemeinmediziner,Allgemeinmedizin praktizierende Person,,,,,,,,,,,
Alltagshelden,Tag versüßende Personen,Ehrenamtliche,Zivilcourage leistende Personen,,,,,,,,,
Alltagshelfer,Alltagshilfe,,,,,,,,,,,
Alpinisten,bergsteigende Personen,bergbesteigende Personen,Bergsteigende,Bergkletternde,,,,,,,,
Altenpfleger,Pflegefachkraft,Pflegefachperson,Altenpflegeperson,Krankenpflegeperson,Fachkraft für Altenpflege,,,,,,,
Altersgenossen,gleich Alte,Menschen derselben Altersgruppe,Gleichaltrige,Peer group,,,,,,,,
Ältestenrat,Rat weiser Menschen,Rat der Erfahrenen,Beratungsgruppe der ältesten Menschen,Gremium der ältesten Menschen,,,,,,,,
Alumni,Ehemalige,,,,,,,,,,,
Amateur,Neuling,Person ohne Vorkenntnisse,,,,,,,,,,
Amateure,Anfangende,Beginnende,,,,,,,,,,
Ampelmännchen,Ampelfiguren,Ampelfigürchen,,,,,,,,,,
Amtsinhaber,Amt innehabende Person,eine mit einem Amt betraute Person,amtierende Person im Bereich XY/ in Position XY,amtsverantwortliche Person für den Bereich XY,,,,,,,,
Analphabet,leseunfähige Person,leseunkundige Person,Person ohne Lesefähigkeit,des Lesens nicht mächtige Person,des Lesens unkundige Person,"Person, die nicht lesen und schreiben kann",,,,,,
Anbieter,Angebot (von ...),Herstellung,angebotsstellende Person,angebotsmachende Person,,,,,,,,
Anfängerkurs,Einstiegskurs,Grundkurs,Kurs für Menschen ohne Vorkenntnisse,Kurs für Menschen ohne Vorerfahrung,,,,,,,,
Anforderer,anfordernde Person/Abteilung,,,,,,,,,,,
Angehöriger,Familienmitglied,Mitglied von ... ,,,,,,,,,,
Angeklagter,angeklagte Person,,,,,,,,,,,
Angesprochener,angesprochene Person,kontaktierte Person,,,,,,,,,,
Angler,angelnde Person,Fisch fangende Person,Angelsport betreibende Person,Mensch mit Angel,"wer gern angelt, ... ","Person, die angelt",Angelmensch,,,,,
Angreifer,angreifende Person,,,,,,,,,,,
Anhängerschaft,Gefolgschaft,,,,,,,,,,,
Animateur,Freizeitbetreuungsperson,,,,,,,,,,,
Animateure,Animierende,,,,,,,,,,,
Ankläger,anklagende Person,"Person, die Anklage erhebt","Person, die anklagt",,,,,,,,,
Anleiter,anleitende Person,Anleitung,,,,,,,,,,
Anlieger,anwohnende Person,,,,,,,,,,,
Anordner,"Anordnung, anordnende Person",,,,,,,,,,,
Anrainer,Person nebenan,"Person, die nebenan wohnt","Person, der das Grundstück nebenan gehört",,,,,,,,,
Ansprechpartner,Ansprechperson,Kontakt,Kontaktperson,Auskunft gibt ... ,zuständig ist ... ,Hotline,Hilfeteam,Service,Servicepersonal,,,
Antagonist,widerstreitende Person,Counterpart,Konkurrenz,gegenhandelnde Person,,,,,,,,
Antisemit,antisemitisch eingestellte Person,,,,,,,,,,,
Antragsteller,beantragende Person/Einrichtung,"die Person, die einen Antrag stellt",die antragstellende Person,Antrag gestellt von ... ,,,,,,,,
Anwalt,Rechtsvertretung,gesetzliche Vertretung in Rechtsangelegenheiten,Mitglied der Anwaltschaft,,,,,,,,,
Anwaltskosten,Kosten für die Rechtsvertretung,,,,,,,,,,,
Anwärter,Person im Vorbereitungsdienst,,,,,,,,,,,
anwenderbezogen,anwendungsbezogen,praxisbezogen,verwendungsbezogen,menschbezogen,,,,,,,,
Anwenderfreundlichkeit,Verwendungsfreundlichkeit,,,,,,,,,,,
Arbeiter,Arbeitskraft,,,,,,,,,,,
Arbeiterklasse,arbeitende Klasse,,,,,,,,,,,
Arbeitgeber,Führungskraft,arbeitgebendes Unternehmen,"Person, die Arbeitsplätze zur Verfügung stellt",Arbeitsstelle ... ,,,,,,,,
Arbeitgeberattraktivität,Arbeitsplatzattraktivität,,,,,,,,,,,
Arbeitgebermarke,Unternehmensmarke,Employer Branding,,,,,,,,,,
Arbeitgebermarketing,Marketing für Arbeitgebende,,,,,,,,,,,
Arbeitgebervorteile,Firmenvorteile,Unternehmensvorteile,,,,,,,,,,
Arbeitnehmer,angestellte Person,beschäftigte Person,,,,,,,,,,
Arbeitnehmervertreter,Arbeitnehmendenvertretung,Betriebsrat,Personalrat,Beschäftigtenvertretung,,,,,,,,
Arbeitsdirektor,Arbeitsdirektion,,,,,,,,,,,
Arbeitskollegen,Teammitglieder,,,,,,,,,,,
Archäologen,in der Archäologie tätige Person,,,,,,,,,,,
Architekt,Architekturschaffende Person,Baukunstgestaltende Person,,,,,,,,,,
Architekten ,Architekturschaffende,,,,,,,,,,,
Archivar,Fachkraft für Archivwesen,,,,,,,,,,,
Archivare,Archivierende,,,,,,,,,,,
Arzt,Person im ärztlichen Dienst,ärztliches Fachpersonal,,,,,,,,,,
Arztausweis,ärztlicher Ausweis,,,,,,,,,,,
Ärzte,ärztliches (Fach-)Personal,(ggf. Ärzteschaft),,,,,,,,,,
Arztbesuch,ärztlicher Kontakt,ärztliche Sprechstunde,Besuch der ärztlichen Sprechstunde,ärztliche Visite,,,,,,,,
Arztbrief,Entlassungsbrief,Entlassbericht,ärztlicher/medizinischer (Abschluss-)Bericht,ärztliche Epikrise,ärztlicher Brief,(ärztlicher) Befundbericht,ärztliches Informationsschreiben,ärztliche Information,,,,
Arztgeheimnis,ärztliche Schweigepflicht,,,,,,,,,,,
Arzthelferinnen,Medizinische Fachangestellte,medizinsches Fachpersonal,,,,,,,,,,
Arztkosten,(ärztliche) Behandlungskosten,Kosten für medizinische Leistungen,,,,,,,,,,
Arzt-Patienten-Kommunikation,Kommunikation zwischen behandelnder und behandelter Person,behandlungsbezogene Kommunikation,,,,,,,,,,
Arzt-Patienten-Verhältnis,ärztliches Vertrauensverhältnis,medizinisches Behandlungsverhältnis,,,,,,,,,,
Arztpraxis,Praxis für ...-medizin (z.B. Praxis für Allgemeinmedizin),ärztliche Praxis,,,,,,,,,,
Arzttermin,Behandlungstermin,Vorsorgetermin,ärztlicher Termin,,,,,,,,,
Arztwahl,Wahl des ärztlichen Fachpersonals,,,,,,,,,,,
Arztzeugnis,ärztliches Zeugnis,,,,,,,,,,,
Arztzimmer,Behandlungszimmer,Konsultationszimmer,Zimmer/Raum,Büro Arztliches Personal,,,,,,,,
Aspirant,bewerbende Person,,,,,,,,,,,
Assessor,sachverständige Person,taxierende Person,einschätzende Person,schadensachverständige Person,,,,,,,,
Assessoren,Sachverständige,Taxierende,Einschätzende,Schadensachverständige,,,,,,,,
Assistent,Assistenz,,,,,,,,,,,
Assistenzarzt,Person in fachärztlicher Weiterbildung,ärztliches Fachpersonal in Weiterbildung,,,,,,,,,,
Astronaut,ins Weltall reisende Person,,,,,,,,,,,
Astronauten,Weltraumreisende,Menschen im All,,,,,,,,,,
Atheist,atheistische Person,religionsfreie Person,nichtgläubige Person,irreligiöse Person,glaubenslose Person,areligiöse Person,,,,,,
Athlet,sporttreibende Person,,,,,,,,,,,
Athleten,Sporttreibende,Wettkämpfende,,,,,,,,,,
Attentäter,"Person, die ein Attentat verübt",,,,,,,,,,,
Auditor,auditdurchführende Person,,,,,,,,,,,
Auftragnehmer,einen Auftrag entgegennehmende / annehmende Person,,,,,,,,,,,
Augenzeuge,beobachtende Person,,,,,,,,,,,
Augenzeugen,Beobachtende,,,,,,,,,,,
Aupairmädchen,Aupair,,,,,,,,,,,
Ausbilder,ausbildender Betrieb,Lehrkraft,,,,,,,,,,
Ausbildungsbewerber,eine Ausbildung suchende Person,,,,,,,,,,,
Ausländer,Person aus dem Ausland,Person nichtdeutscher Herkunft,ausländische Person,Person mit anderer Staatsangehörigkeit,,,,,,,,
Ausländerbehörde,Migrationsamt/-stelle,Zuwanderungsamt/-stelle,,,,,,,,,,
Aussiedler,ausgesiedelte Person,,,,,,,,,,,
Ausstatter,ausstattende Person,,,,,,,,,,,
Aussteller,ausstellende Person,ausstellende Institution,,,,,,,,,,
Ausstellerausweis,Ausweis der Ausstellenden,Ausweis der ausstellenden Person,,,,,,,,,,
Ausstellerliste,Liste der Ausstellenden,Ausstellendenliste,,,,,,,,,,
Auswanderer,auswandernde Person,ausgewanderte Person,,,,,,,,,,
Ausweisinhaber,Ausweis inhabende Person,,,,,,,,,,,
Auszubildender,Nachwuchskraft,Person in Ausbildung,auszubildende Person,lernende Person,,,,,,,,
Autofahrer,Auto fahrende Person,Auto führende Person,Person am Steuer,,,,,,,,,
Autor,bücherschreibende Person,,,,,,,,,,,
Autoren ,Autorenschaft,Urheberrechtsinhabende,Verfassende,Schreibende,Literaturschaffende,wissenschaftlich Publizierende,,,,,,
Azubi,Nachwuchskraft,Person in Ausbildung,auszubildende Person,lernende Person,,,,,,,,
Babysitter,Aufsichtsperson,babysittende Person,Kinderbetreuung,,,,,,,,,
Bachelorand,studentische Stelle zur Anfertigung der Bachelorarbeit,,,,,,,,,,,
Bäcker,Backwaren produzierende Person,Gebäck herstellende Person,Bäckerei,,,,,,,,,
Bademeister,Badeaufsicht,,,,,,,,,,,
Bankkaufmann,Bankkaufperson,,,,,,,,,,,
Barkeeper,Bar-Servicekraft,Servicekraft (an) der Bar,,,,,,,,,,
Bauarbeiter,Bauarbeiten ausführendes (Fach-)Personal,,,,,,,,,,,
Bauern ,Landwirtschaft Betreibende,landwirtschaftlich Beschäftigte,Beschäftigte in der Landwirtschaft,,,,,,,,,
Bauernkrieg,Krieg der landbewirtschaftenden Bevölkerung,,,,,,,,,,,
Bauherr,den Bau in Auftrag gebende Person,Auftraggebende Person / Instanz,,,,,,,,,,
Bauherren,Bauverantwortliche,Bauleute,den Bau in Auftrag gebende Personen,,,,,,,,,
Bauingenieur,für die Baukonstruktion verantwortliche Person,für die Bauplanung verantwortliche Person,,,,,,,,,,
Baumpfleger,Baumpflege,,,,,,,,,,,
Bauträger,für den Bau verantwortliche Firma,,,,,,,,,,,
Beamter,verbeamtete Person,Person im Beamtenstatus,,,,,,,,,,
Beamtenlaufbahn,verbeamteter Werdegang,Laufbahn im öffentlichen Dienst mit Aussicht auf Verbeamtung,,,,,,,,,,
Bearbeiter,den Vorgang betreuende Person,zuständige Person,,,,,,,,,,
Beauftragter,beauftragte Person,,,,,,,,,,,
Bediener,bedienende Person,,,,,,,,,,,
Bediensteter,bedienstete Person,,,,,,,,,,,
Befrager,befragende Person,"Person, die befragt (hat)",,,,,,,,,,
Befragter,befragte Person,"Person, die befragt wurde",,,,,,,,,,
Befürworter,befürwortende Person,zustimmende Person,Zustimmung,,,,,,,,,
Begleiter,Begleitung,,,,,,,,,,,
Behinderter,Mensch mit Behinderung,Mensch mit Beeinträchtigung,,,,,,,,,,
Bekannter,Person aus dem Bekanntenkreis,(mir) bekannte Person,Bekanntschaft,,,,,,,,,
bemannt,besetzt,mit Personen besetzt,astronautisch,,,,,,,,,
bemuttern,"fürsorglich sein, verhätscheln, umsorgen",,,,,,,,,,,
Benutzer,anwendende Person,nutzende Person,,,,,,,,,,
benutzerdefiniert,maßgeschneidert,speziell,passgenau,individuell einstellbar,spezifisch,selbstdefiniert,,,,,,
benutzerfreundlich,praktisch / leicht zu bedienen,bedienungsfreundlich,benutzungsfreundlich,,,,,,,,,
Benutzerfreundlichkeit,Nutzungsfreundlichkeit,Benutzungsfreundlichkeit,,,,,,,,,,
Benutzerfunktion,zielgruppengerechte Funktion,nutzenorientierte Funktion,,,,,,,,,,
Benutzerkonto,Account,Konto,Zugang,Profil,,,,,,,,
Benutzername,Anmeldename,Nickname,Pseudonym,,,,,,,,,
Benutzeroberfläche,Bedienoberfläche,Benutzungsoberfläche,,,,,,,,,,
Benutzerordnung,(Be-)Nutzungsordnung,,,,,,,,,,,
Benutzerportal,Benutzungsportal,,,,,,,,,,,
Benutzerschnittstelle,Interaktionsschnittstelle,,,,,,,,,,,
Benutzerverwaltung,Kontoverwaltung,Zugangsverwaltung,,,,,,,,,,
Beobachtergruppe,Beobachtendengruppe,,,,,,,,,,,
Berater,beratende Person,die Beratung erfolgt durch ... ,Sie werden beraten von ... ,,,,,,,,,
Beratertätigkeit,beratende Tätigkeit,Beratung,,,,,,,,,,
Beraterverzeichnis,Verzeichnis beratender Personen,,,,,,,,,,,
Berechtigter,berechtigte Person,,,,,,,,,,,
bergmännisch,im Bergbau tätig,,,,,,,,,,,
Berichterstatter,Bericht erstattende Person,,,,,,,,,,,
Berufskraftfahrer,qualifizierte fahrzeugführende Person (nach BKrFQG),,,,,,,,,,,
Beschäftigter,Arbeitskraft,beschäftigte Person,angestellte Person,Person im Beschäftigungsverhältnis,,,,,,,,
Beschuldigter,beschuldigte Person,,,,,,,,,,,
Besitzer,besitzhabende Person,,,,,,,,,,,
Bestatter,Fachkraft für Bestattungen,,,,,,,,,,,
Besitzer von Immobilieneigentum,Immobilien besitzende Person,,,,,,,,,,,
Besteller,bestellende Person,Kundschaft,,,,,,,,,,
Besucheranschrift,Besuchsanschrift,,,,,,,,,,,
Besuchergruppe,Besuchsgruppe,,,,,,,,,,,
Besuchermagnet,Publikumsmagnet,Besuchsmagnet,Tourismusmagnet,Anziehungspunkt,Sehenswürdigkeit,,,,,,,
Besucherparkplatz,Besuchsparkplatz,,,,,,,,,,,
Besucherrückgang,sinkende Nachfrage,Rückgang der Besuche,,,,,,,,,,
Besucherstrom,Publikumsstrom,,,,,,,,,,,
Besucherzahl,Besuchszahl,Frequentierung,Klickzahl,Interesse,Inanspruchnahme,Gästezahlen,,,,,,
Betreiber,Betriebsgesellschaft,betreibende Firma,Betrieb,,,,,,,,,
Betreuer,Betreuungsperson,,,,,,,,,,,
Betriebsarzt,Betriebsärztlicher Dienst,,,,,,,,,,,
Betriebsräte,der Betriebsrat,Mitarbeitendenvertretung,,,,,,,,,,
Betriebswirt,betriebswirtschaftende Person,,,,,,,,,,,
Betroffener,betroffene Person,Opfer,,,,,,,,,,
Betrüger,unehrliche Person,,,,,,,,,,,
Bewahrer,bewahrende Person,,,,,,,,,,,
Bewerber,sich bewerbende Person,,,,,,,,,,,
Bewerberzahlen,Bewerbungszahlen,,,,,,,,,,,
Bewohnerzimmer,Bewohnendenzimmer,Zimmer,,,,,,,,,,
Bieter,bietende Partei,bietende Person,,,,,,,,,,
Blindenführer,Guide für blinde Menschen,Blindenguide,Begleitung für blinde Menschen,Mobilitätshilfe,,,,,,,,
Blockwart,Gebietsaufsicht,Blockaufsicht,,,,,,,,,,
Bogenschütze,Bogenschießende Person,,,,,,,,,,,
Bote,Botschaft überbringende Person,,,,,,,,,,,
Brandschutzbeauftragter,beauftragte Person für Brandschutz,,,,,,,,,,,
Brautpaar,Hochzeitspaar,verlobtes Paar,,,,,,,,,,
Botschafter,Spitze des Diplomatischen Corps, Repräsentanz,,,,,,,,,,
Briefträger,Briefzustellung,Postzustellung,,,,,,,,,,
Brillenträger,Personen mit Brille,,,,,,,,,,,
Brüder und Schwestern,Geschwister,Geschwisterkinder,,,,,,,,,,
Brüderlichkeit,Mitmenschlichkeit,Solidarität,Geschwisterlichkeit,,,,,,,,,
Buhmann,Feindbild,schuldige Person,Zielscheibe,(Sündenbock),,,,,,,,
Buddhisten,Menschen buddhistischen Glaubens,,,,,,,,,,,
Bundeskanzler,(oberste) Führungskraft der Bundesregierung,Leitung der Bundesregierung,,,,,,,,,,
Bundespräsident,deutsches Staatsoberhaupt,Staatsoberhaupt einer Bundesrepublik,"Person, die die Bundespräsidentschaft inne hat",,,,,,,,,
Bundespräsidentenwahl,Bundespräsidentschaftswahl,BP-Wahl,,,,,,,,,,
Bundestagspräsident,Bundestagsvorsitz,,,,,,,,,,,
Bürge,bürgende Person,,,,,,,,,,,
Bürger,Mitglied des Staates / der Stadt,dem Staat zugehörige Person,Mitmensch,Individuum,Einzelperson,einzelner Mensch innerhalb der Bevölkerung,,,,,,
Bürgeramt,Amt,Gemeindeamt,Verwaltung,,,,,,,,,
Bürgerbeteiligung,Direkte Demokratie,Beteiligung der Bevölkerung,,,,,,,,,,
Bürgerbüro,(städtisches/kommunales) Service Center/Servicebüro,Stadtteilbüro,Stadtbüro,Nachbarschaftbüro,Gemeindebüro,Kommunalbüro,Informationsbüro (für Anwohnende),Büro für bürgerliche Belange,Informationsstelle (für Ratsuchende),,,
Bürgerhaus,Gemeindehaus,Stadthaus,Kulturzentrum,Stadtteilzentrum,selbstverwaltetes Zentrum,,,,,,,
Bürgerkrieg,Volkskrieg,,,,,,,,,,,
Bürgermeister,Stadtoberhaupt,Verwaltungsleitung,Oberhaupt einer Kommune,,,,,,,,,
Bürgermeisterkandidat,Kandidatur für das Amt des Stadtoberhaupts,,,,,,,,,,,
bürgernah,serviceorientiert,bedürfnisorientiert,publikumsorientiert,menschenorientiert,im Kontakt,,,,,,,
Bürgernähe,Volksnähe,Bevölkerungsnähe,,,,,,,,,,
Bürgerrat,Volksrat,Menschenrat,Bewohnendenrat,bürgerlicher Rat,Bevölkerungsrat,,,,,,,
Bürgerrechte,Rechte des deutschen (oder anderer Staaten) Staatsvolkes,,,,,,,,,,,
Bürgersteig,Gehweg,Fußweg,,,,,,,,,,
Bürgervertretung,Vertretung der Öffentlichkeit,,,,,,,,,,,
Bürgerzentrum,Kulturzentrum,Stadtteilzentrum,selbstverwaltetes Zentrum,,,,,,,,,
Bürokrat,bürokratische Person,bürokratisch veranlagte Person,,,,,,,,,,
Busfahrer,Busführung,busführende Person,Busfahrpersonal,Buspersonal,,,,,,,,
Callcenter Agent,telefonische Beratung der Kundschaft,,,,,,,,,,,
Callcenteroperator,Callcenteroperierende Person,,,,,,,,,,,
Camper,campende Person,zeltende Person,Zeltplatzmensch,Camping liebende Person,,,,,,,,
Chef,vorgesetzte Person,Leitungsperson,Leitung,Kopf (eines Unternehmens / einer Abteilung),Führungskraft,,,,,,,
Chefs ,Vorgesetzte,Leitung,,,,,,,,,,
Chefarzt, Ärztliche Leitung,,,,,,,,,,,
Chefarztbehandlung,chefärztliche Behandlung,,,,,,,,,,,
Chefsache,Sache mit oberster Priorität,Angelegenheit mit besonderer Wichtigkeit,dringliche Sache,,,,,,,,,
Chemiker,Fachkraft für Chemie,,,,,,,,,,,
Chirurg,chirurgische Fachkraft,chirurgische Fachperson,ärztliche Fachkraft der ...-Chirurgie,,,,,,,,,
Chirurgen,chirurgisches Fachpersonal,,,,,,,,,,,
Chirurgenstahl,Chirurgiestahl,,,,,,,,,,,
Christen,Menschen christlichen Glaubens,,,,,,,,,,,
Chorleiter,Chorleitung,,,,,,,,,,,
Coach,Begleitung,Beratung,coachende Person,,,,,,,,,
Coder,codende Person,,,,,,,,,,,
Damenfahrrad,Trapezrahmenfahrrad,Fahrrad mit tiefem Einstieg,,,,,,,,,,
damenhaft,fein,,,,,,,,,,,
Damenprogramm,Begleitprogramm,,,,,,,,,,,
Darsteller,darstellende Person,,,,,,,,,,,
Datenschutzbeauftragter,Fachperson für Datenschutz,Datenschutzverantwortlichkeit,,,,,,,,,,
Dekan,Leitung des Dekanats,Dekanat,,,,,,,,,,
Delegierter,delegierte Person,,,,,,,,,,,
Demokraten,Demokratiebegeisterte,Demokratieüberzeugte,,,,,,,,,,
Demonstranten,Demonstrierende,,,,,,,,,,,
Deutscher,Person aus Deutschland,deutsche Person,Person mit deutscher Staatsangehörigkeit,,,,,,,,,
Developer,Developing Person,Developing Employee,,,,,,,,,,
Dezernent,Dezernat leitende Person,,,,,,,,,,,
Dichter,dichtende Person,poetische Person,,,,,,,,,,
Dieb,Eigentum entwendende Person,Langfinger,,,,,,,,,,
Diebe,Kriminelle,Langfinger,,,,,,,,,,
Dienstherr,Dienstaufsichtsperson,Dienstbehörde,,,,,,,,,,
Dienstherrengenehmigung,Genehmigung der vorgesetzten Führungskraft,Dienststellengenehmigung,behördliche Genehmigung,,,,,,,,,
Dienstleister,dienstleistende Person,dienstleistendes Unternehmen,Dienstleistungsunternehmen,,,,,,,,,
Diplomingenieur,diplomierte technische Fachkraft,,,,,,,,,,,
Direktor,Institutsleitung,,,,,,,,,,,
Dirigent,unter dem Dirigat von ...,unter Leitung von ... ,,,,,,,,,,
Disponent,Disposition,,,,,,,,,,,
DJ,der/die DJ,,,,,,,,,,,
Doktoranden,Promovierende,,,,,,,,,,,
Doktorandenkolleg,Promotionskolleg,Promovierendenkolleg,,,,,,,,,,
Doktorarbeit,Promotion,,,,,,,,,,,
Dokumenteninhaber,im Besitz von Dokumenten,,,,,,,,,,,
Dolmetscher,(simultan / konsekutiv) dolmetschende Fachkraft,,,,,,,,,,,
Dönermann,Dönerimbiss,Dönerverkauf,Kebapverkauf,Dönerfachgeschäft,Dönerbude,,,,,,,
Doppelgänger,Double,Ebenbild,Doppelperson,,,,,,,,,
Dozent,lehrende Person,Lehrkraft,Lehrperson,vortragende Person,Seminarleitung,,,,,,,
Dozenten,Dozierende,Lehrpersonal,Lehrende,,,,,,,,,
Dozententätigkeit,Lehrtätigkeit,,,,,,,,,,,
Drachenlord,herrschende Drachenperson,,,,,,,,,,,
Dritter,dritte Person,,,,,,,,,,,
Editor,herausgebende Person,,,,,,,,,,,
Ehegatte,die Ehe teilende Person,Ehemensch,Eheherzperson,Herzmensch,,,,,,,,
Ehegatten,Eheleute,,,,,,,,,,,
Ehepartner,geehelichte Person,Ehemensch,,,,,,,,,,
Ehrenmann,Ehrenperson,,,,,,,,,,,
Eigentümer,(im) Eigentum von ... ,,,,,,,,,,,
Eigentümerversammlung,Versammlung der Beteiligten am Wohneigentum,Versammlung der Besitzenden,,,,,,,,,,
Eigner,s. Eigentümer,,,,,,,,,,,
Einlader,einladende Person,,,,,,,,,,,
Ein-Mann-Betrieb,Ein-Personen-Betrieb,,,,,,,,,,,
einer nach dem anderen,der Reihe nach,,,,,,,,,,,
einem selbst,dir selbst,,,,,,,,,,,
Einsteigerkurs,Einstiegskurs,Grundlagenkurs,Grundkurs,Basiskurs,,,,,,,,
Einwandererfamilien,Familien mit Migrationshintergrund /-geschichte,Familien mit internationaler Geschichte,,,,,,,,,,
Einwohnerdichte,Bevölkerungsdichte,,,,,,,,,,,
Einwohnerzahl,Bevölkerungszahl,,,,,,,,,,,
Einzelgänger,alleinliebende Person,,,,,,,,,,,
Einzelhändler,Person des Einzelhandels,Betrieb im Einzelhandel,im Einzelhandel tätige Person,,,,,,,,,
Einzelner,alle,die einzelne Person,,,,,,,,,,
Einziger,einzige Person,,,,,,,,,,,
Elektriker,Fachkraft für Elektrotechnik,,,,,,,,,,,
Elektroniker,Elektrofachkraft,,,,,,,,,,,
Elektrotechniker,Fachkraft für elektrotechnische Anlagen,,,,,,,,,,,
Emittent,Wertpapierherausgebende Person,,,,,,,,,,,
Empfänger,empfangsberechtigte Person,empfangen von ... ,für ... ,bestimmt für ... ,,,,,,,,
Empfangsdame,Empfang,Person/Personal am Empfang,Rezeption,,,,,,,,,
Energieversorger,Energieversorgungsunternehmen,,,,,,,,,,,
Enkel,Enkelkind,Kindeskind,,,,,,,,,,
Entdecker ,entdeckt von ... ,,,,,,,,,,,
Enthusiast,enthusiastische Person,begeisterte Person,,,,,,,,,,
Enthusiasten,Begeistere,,,,,,,,,,,
Entscheider,Entscheidung fällende Person,entscheidungsbefugte Person,,,,,,,,,,
Entscheidungsträger,Person mit Entscheidungsbefugnis,,,,,,,,,,,
Erbe,erbberechtigte Person,,,,,,,,,,,
Erben,Erbberechtigte,,,,,,,,,,,
Erfinder,erfindende Person,ideenfindende Person,,,,,,,,,,
Ergotherapeut,in der Ergotherapie tätige Person,,,,,,,,,,,
Erkrankter,erkrankte Person,,,,,,,,,,,
Errichter,errichtet von ... ,,,,,,,,,,,
Ersteller,erstellt von ... ,,,,,,,,,,,
Ersthelfer,erste Hilfe leistende Person,in Erster Hilfe geschulte Person,,,,,,,,,,
Erwachsener,erwachsene Person,,,,,,,,,,,
Erzähler,erzählende Figur,erzählende Person,Erzählinstanz,,,,,,,,,
Erzeuger,ein Produkt erzeugende Person,,,,,,,,,,,
Erzieher,pädagogische Fachkraft,Erziehungskraft,,,,,,,,,,
Erziehungsberechtigter,erziehungsberechtigte Person,,,,,,,,,,,
Ethnologe,Person mit Fachwissen in Ethnologie,Person mit ethnologischer Expertise,,,,,,,,,,
EU-Kommissar,EU-Kommissionsmitglied,,,,,,,,,,,
Evakuierungshelfer,Evakuierungshilfe,in Evakuierungshilfe geschulte Person,Evakuierungshilfe leistende Person,,,,,,,,,
Experte,Fachgröße,Autorität,Koryphäe,Person vom Fach,Genie,,,,,,,
Expertengruppe,Fachgruppe,,,,,,,,,,,
Experteninterview,Expertiseinterview,Interview mit Fachleuten,,,,,,,,,,
Expertenkommission,Fachkommission,Kommission von Fachleuten,,,,,,,,,,
Expertenrating,Rating von Fachleuten,,,,,,,,,,,
Expertenschätzung,Schätzung von Fachleuten,nach Einschätzung von Fachleuten,Expertise,,,,,,,,,
Expertenstandard,Fachstandard,,,,,,,,,,,
Expertentagung,Fachtagung,,,,,,,,,,,
Expertentum,Expertise,,,,,,,,,,,
Expertenvortrag,Fachvortrag,,,,,,,,,,,
Expertenwissen,Fachwissen,Expertise,,,,,,,,,,
Extremist,radikalisierte Person,,,,,,,,,,,
Facharzt,(fach-)ärztliche Fachkraft,Fachpraxis,,,,,,,,,,
Facharztrichtung,medizinische Fachrichtung,,,,,,,,,,,
Fachberater,Fachberatung,,,,,,,,,,,
Fachmann,Fachkraft,,,,,,,,,,,
fachmännisch,fachkundig,professionell,,,,,,,,,,
Fahrer,Fahrdienst,,,,,,,,,,,
Fahrerhaus,Cockpit,,,,,,,,,,,
Fahrerkabine,Fahrkabine,Steuerungskabine,,,,,,,,,,
Fahrersitz,Cockpitsitz,Sitz der fahrenden Person,,,,,,,,,,
Fahrgast,mitreisende Person,gegen Entgelt transportierte Person,,,,,,,,,,
Fahrgäste,Mitfahrende,Reisende,,,,,,,,,,
Fahrgastraum,Abteil,Personenbeförderungsräume,,,,,,,,,,
Fahrschullehrer,Fahrschullehrkraft,,,,,,,,,,,
Fahrzeugführer,fahrzeugführende Person,Fahrzeugführung,,,,,,,,,,
Fahrzeuglenker,Fahrzeug lenkende Person,,,,,,,,,,,
Familienbegleiter,Familienbegleitung,Familien begleitende (Fach-)Kraft,,,,,,,,,,
Familienhelfer,Familienhilfe,Familien unterstützende (Fach-)Kraft,die die Familie X. unterstützende Fachperson/Fachkraft,im familienunterstützenden Dienst arbeitende / angestellte Person,,,,,,,,
Fan,in besonderem Maße begeisterte Person,,,,,,,,,,,
Fans,Begeisterte,,,,,,,,,,,
Faschist,dem Faschismus anhängende Person,,,,,,,,,,,
Feigling,feige Person,Angsthase,,,,,,,,,,
Feind,verfeindete Person,,,,,,,,,,,
Feministin,feministische / feministisch eingestellte Person,,,,,,,,,,,
Fertiger,fertigende Person,,,,,,,,,,,
Fetischist,Person mit einem Fetisch,,,,,,,,,,,
Feuerwehrmänner,Einsatzkräfte der Feuerwehr,Feuerwehrangehörige,Feuerwehr,Feuerwehrleute,Feuerbekämpfende,,,,,,,
Filmemacher,filmschaffende Person,,,,,,,,,,,
Filmstar,Filmgröße,Filmberühmtheit,,,,,,,,,,
Finalist,am Finale teilnehmende Person,,,,,,,,,,,
Finalisten,am Finale Teilnehmende,,,,,,,,,,,
Finanzbeauftragter,finanzbeauftragte Person,,,,,,,,,,,
Finanzintermediäre,Anbietende von Finanzintermediation,Finanzintermediierende,,,,,,,,,,
Fischer,Fisch fangende Person,,,,,,,,,,,
Flammenwerfer,Flammen werfende Person,,,,,,,,,,,
Förderer,"Stelle, die Fördermittel vergibt",,,,,,,,,,,
Fördermittelgeber,"Stelle, die Fördermittel vergibt",fördermittelgebende Stelle/Institution,,,,,,,,,,
Forschergemeinde,Forschungsgemeinde,,,,,,,,,,,
Forscherkolloquium,Forschungskolloquium,,,,,,,,,,,
Forscherteam,Forschungsteam,,,,,,,,,,,
Forstwart,Forstaufsicht,,,,,,,,,,,
Fotograf,fotografierende Person,(Berufs-)Fotografie betreibende Person ,,,,,,,,,,
Fotografen,Fotografierende,Aufnehmende,,,,,,,,,,
Fotografenteam,Fototeam,Fotografieteam,,,,,,,,,,
Freiberufler,freiberuflich arbeitende Person,freischaffende Person,,,,,,,,,,
Freigeber,freigebende Person,,,,,,,,,,,
Freiwilliger,freiwillige Person,,,,,,,,,,,
Fremdsprachler,andere / fremde Sprache sprechende Person,,,,,,,,,,,
Freund,(enge) Bezugsperson,Herzensmensch,Bekanntschaft,Lieblingsmensch,bessere Hälfte,,,,,,,
Freundeskreis,Personen in befreundeten Kreisen,,,,,,,,,,,
Friseur,frisierende Person,Frisiersalon,,,,,,,,,,
Friseure,Frisierende,,,,,,,,,,,
Friseurtermin,Haarschneidetermin,Frisiertermin,,,,,,,,,,
Führerschein,Fahrerlaubnis,Fahrberechtigung,,,,,,,,,,
Funktionär,in Funktion gewählte Person,verantwortliche/beauftragte/bevollmächtigte Person,Vollmachtsperson,,,,,,,,,
Funktionsträger,in Funktion gewählte Person,verantwortliche/beauftragte/bevollmächtigte Person,,,,,,,,,,
Fürsprecher,Unterstützung,Unterstützungskraft,Support,,,,,,,,,
Fußgängerstreifen,Zebrastreifen,Straßenpassierstreifen,,,,,,,,,,
Fußgängerüberweg,Überquerung,,,,,,,,,,,
Fußgängerweg,Gehweg,,,,,,,,,,,
Fußgängerzone,Flanierzone,Einkaufsstraße,Einkaufszone,verkehrsfreie Zone,,,,,,,,
Gärtner,Gartenarbeitskraft,,,,,,,,,,,
Gärtnerei,Gartenbaubetrieb,,,,,,,,,,,
Gast,Besuch,Besuchsperson,,,,,,,,,,
Gastbeitrag,Sonderbeitrag,,,,,,,,,,,
Gäste,Geladene,,,,,,,,,,,
Gästeführer,Reiseführung,Reiseleitung,(Tourguide),,,,,,,,,
Gastgeber,einladende Person,,,,,,,,,,,
Gasthörerstatus,Gaststudierendenstatus,Gasthörstatus,,,,,,,,,,
Gasthörerstudium,Gaststudium,Hospitation,,,,,,,,,,
Gastwirt,Gastronomiebetriebsleitung,,,,,,,,,,,
Gastwirte,Betreibende eines Gastronomiebetriebs,,,,,,,,,,,
Gefreiter,Person mit zweitniedrigstem militärischen Mannschaftsdienstgrad,,,,,,,,,,,
Gegenkandidat,Gegenkandidatur,,,,,,,,,,,
Gegenspieler,gegnerische Partei,widerstreitende Person,Counterpart,Konkurrenz,,,,,,,,
Gegner,gegnerische Partei,widerstreitende Person,Counterpart,Konkurrenz,ablehnende Person,,,,,,,
Geisterfahrer,Fahrzeug in falscher Richtung,Geisterfahrzeug,,,,,,,,,,
Gelehrter,gelehrte Person,,,,,,,,,,,
Generaldirektor,Direktoriumsleitung,,,,,,,,,,,
Generalist,Universalgenie,Multitalent,fachlich breit aufgestellter Mensch,,,,,,,,,
Genießer,Genussmensch,,,,,,,,,,,
Genosse,Mitglied der Genossenschaft,,,,,,,,,,,
Geograph,Person mit Fachwissen in Geographie, Mensch mit fundiertem Wissen über Geographie,,,,,,,,,,
Geologe,Person mit Fachwissen in Geologie,Mensch mit fundiertem Wissen über Geologie,,,,,,,,,,
Geologen,Forschende der Geologie,,,,,,,,,,,
Gerätewart,Geräteaufsicht,,,,,,,,,,,
Gerichtsvollzieher,Gerichtsvollzugsperson,,,,,,,,,,,
Geschäftsführer,Geschäftsführung,Geschäftsleitung,,,,,,,,,,
Geschäftsmänner,Geschäftsleute,,,,,,,,,,,
Geschäftspartner,geschäftliche Verbindung,geschäftlicher Kontakt,,,,,,,,,,
Gesetzgeber,Legislative,gesetzgebende Instanz,Gesetzgebende,,,,,,,,,
Gesprächspartner,Gegenüber,,,,,,,,,,,
Götter,Allwissende,Allmächtige,übernatürliche Wesen,Ewige,Gottheiten,,,,,,,
Grafiker,Grafikprofi,,,,,,,,,,,
Grinsepeter,Grinsebacke,Grinsegesicht,Grinsekuchen,Sonnenschein,,,,,,,,
Grundeigentümer,Person mit Grundeigentum,,,,,,,,,,,
Gründer,gründende Person,,,,,,,,,,,
Gründerzeit,Gründungszeit,,,,,,,,,,,
Gründerzentrum,Gründungszentrum,Innovationszentrum,Technologiezentrum,,,,,,,,,
Grundschüler,Grundschulkind,,,,,,,,,,,
Guru,spirituelles Vorbild / Idol,,,,,,,,,,,
Gutachter,begutachtet von ... ,,,,,,,,,,,
Gymnasiast,Person auf einem Gymnasium,ein Gymnasium besuchende Person,gymnasial lernende Person,,,,,,,,,
Gynäkologe,medizinisches/ärztliches Fachpersonal für Gynäkologie,,,,,,,,,,,
Hackerangriff,Hackingangriff,Hackangriff,,,,,,,,,,
Handlanger,helfende Person,rechte Hand von jemandem,,,,,,,,,,
Händler,Shops,der Handel,Handelnde,,,,,,,,,
Handwerker,handwerkliches Fachpersonal,handwerkliche Fachkraft,,,,,,,,,,
Hauptcharakter,Hauptperson,Hauptfigur,zentrale Gestalt,Schlüsselfigur,Titelrolle,,,,,,,
Häuptling,Oberhaupt,,,,,,,,,,,
Hauptmieter,Hauptmietpartei,Hauptmietperson,Hauptmietvertragsperson,,,,,,,,,
Hausarzt,hausärztliche Fachkraft,Hauspraxis,,,,,,,,,,
Hausfrau,haushaltsführende Person,Haushalt organisierende Person,Haushaltsvorstand,,,,,,,,,
Hausherr,Familienvorstand,Hausvorstand,,,,,,,,,,
Hausmannskost,einfache Küche,gut bürgerliche Küche,traditionell zubereitete Gerichte,Alltagsessen,,,,,,,,
Hauswart,Hauswartung,,,,,,,,,,,
Hebammen,Geburtshelfende,,,,,,,,,,,
Held,Schlüsselperson,Hauptperson,außerordentlich erfolgreiche Person,Vorbild,,,,,,,,
Helfer,Hilfskraft,Assistenz,,,,,,,,,,
Herrenfahrrad,Diamantrahmenfahrrad,,,,,,,,,,,
Herrenhaus,Gutshaus,,,,,,,,,,,
herrenlos,verlassen,nicht zuzuordnen,unbeaufsichtigt,personenlos,frei,besitzlos,,,,,,
Herrschaften,Personen,Leute,,,,,,,,,,
Herrscher,Staatsoberhaupt,,,,,,,,,,,
Hersteller,Herstellfirma,herstellendes Unternehmen,,,,,,,,,,
Hexe,(schwarze) Zauberkraft innehabende Person,Person mit (schwarzen) Zauberkräften,mit Zauberkräften ausgestattete Person,"Person, die Zauberkraft hat",,,,,,,,
Hinterbliebener,hinterbliebene Person,zurückgelassene Person,,,,,,,,,,
Hintermann,Graue Eminenz,Schlüsselfigur,aus dem Hinterzimmer,drahtziehende Person,dahinter steckt/steht ... ,verantwortliche Person,,,,,,
Hintermänner,Schlüsselfiguren,aus dem Hinterzimmer,Hinterleute,Verantwortliche,,,,,,,,
Hinweisgeber,Hinweis gebende Person,,,,,,,,,,,
Hirte,hütende Person,,,,,,,,,,,
Hörer,zuhörende Person,,,,,,,,,,,
Hospitant,hospitierende Person,,,,,,,,,,,
Hospitanten,Hospitierende,,,,,,,,,,,
Humanist,humanistische Person,,,,,,,,,,,
Hundehalter,"Person, die einen Hund hält",,,,,,,,,,,
Ich-Erzähler,Ich-Form,Ich-Figur,erzählendes Ich,,,,,,,,,
Illustrator,illustrierende Person,,,,,,,,,,,
Illustratoren,Illustrierende,,,,,,,,,,,
Imker,Bienenzüchtende Person,,,,,,,,,,,
Immobilienkaufmann,Immobilienfachkraft,,,,,,,,,,,
Industriekaufmänner,Industriekaufleute,,,,,,,,,,,
Industriemechaniker,Industriemechanik ausführende Person,,,,,,,,,,,
Influencer,Content gestaltende Person,influencende Person,,,,,,,,,,
Informant,Informationsquelle,Quelle,,,,,,,,,,
Informatiker,auf den IT-Bereich spezialisierte Person,,,,,,,,,,,
Informationssicherheitsbeauftragter,beauftragte Person für Informationssicherheit,,,,,,,,,,,
Ingenieurberuf,Ingenieursberuf,,,,,,,,,,,
Ingenieurwesen,Technikwissenschaften,technische Wissenschaften,Technik,,,,,,,,,
Inhaber,etwas innehabende Person,,,,,,,,,,,
inhabergeführt,besitzgeführter,besitzgeleiteter,,,,,,,,,,
Inhaftierter,Person in Haft,,,,,,,,,,,
Initiatoren,Initiierende,,,,,,,,,,,
Insider,"Person, die Internas kennt / weiß",Person mit besonderem Hintergrundwissen,,,,,,,,,,
Inspekteur,Inspektion durchführende Person,,,,,,,,,,,
Insasse,inhaftierte Person,,,,,,,,,,,
Intendant,Intendanz,,,,,,,,,,,
Interakteur,interagierende Person,,,,,,,,,,,
Interakteure,Interagierende,,,,,,,,,,,
Interessensvertreter,Interessensvertretung,,,,,,,,,,,
Interessenträger,interessierte Beteiligte,,,,,,,,,,,
Interpret,Act,,,,,,,,,,,
Interviewer,interviewende Person,,,,,,,,,,,
Investor,geldgebende Person,"Person, die Geld investiert hat",investierende Person,,,,,,,,,
Investoren,Investierende,,,,,,,,,,,
Italiener,aus Italien stammende Person,Person aus Italien,,,,,,,,,,
Jäger,jagende Person,Person auf der Jagd,,,,,,,,,,
Jäger- und Sammler-Gesellschaft,"nomadisierende Gesellschaft, die sich von der Jagd und dem Sammeln von Pflanzen ernährt",,,,,,,,,,,
Jahrgangsbester,jahrgangsbeste Person,,,,,,,,,,,
jeder,alle,alle für sich,sämtliche,,,,,,,,,
jedermann,alle,sämtliche,jeder Mensch,,,,,,,,,
Journalist,Presse,Medien,jemand von der Presse/vom Fernsehen/...,wer für die Zeitung/fürs Fernsehen berichtet,,,,,,,,
Journalisten,im Journalismus Tätige/Arbeitende,Medienschaffende,Presse,die Medien,,,,,,,,
Jubilar,Jubiläum begehende Person,Jubiläum feiernde Person,,,,,,,,,,
Jugendlicher,junge Person,junger Mensch,Teenie,Teen,Teenager,,,,,,,
Jungfrau,sexuell unerfahrene Person,"Person, die noch keinen Geschlechtsverkehr hatte",,,,,,,,,,
jungfräulich,unangetastet,makellos,unberührt,unverändert,ursprünglich,rein,frisch,unerschlossen,unbearbeitet,,,
Jurist,Person mit juristischer Ausbildung,Person mit juristischem Sachverstand,,,,,,,,,,
Juror,Jurymitglied,,,,,,,,,,,
Kameramann,Kameraperson,Kamera,,,,,,,,,,
Kameramänner,Kamerateam,Kameraleute,Kamera,Kamerapersonen,,,,,,,,
Kämmerer,Leitung der Kämmerei,,,,,,,,,,,
Kampfrichterverzerrung,Verzerrung durch Kampfrichtende,,,,,,,,,,,
Kandidaten,Kandidierende,,,,,,,,,,,
Kandidatenfragen,Personalfrage,K-Frage,,,,,,,,,,
Kandidatenvorschlag,Personalvorschlag,,,,,,,,,,,
Kanzler,Regierung (an-)führende Person,Regierungsoberhaupt,,,,,,,,,,
Kanzleramt,Amt des Regierungsoberhauptes,,,,,,,,,,,
Kanzler-Frage,K-Frage,,,,,,,,,,,
Karnevalisten,Karneval Feiernde,,,,,,,,,,,
Karteninhaber,die Karte besitzende Person,Karteninhabende Person,,,,,,,,,,
Kassenwart,Kassenverwaltung,Finanzverwaltung,Vermögensverwaltung,,,,,,,,,
Kassierer,Person an der Kasse,,,,,,,,,,,
Katholiken,Menschen katholischen Glaubens,,,,,,,,,,,
Kaufmann,Kauffachkraft,Kaufkraft,,,,,,,,,,
Kaufmänner,Kaufleute,,,,,,,,,,,
kaufmännisch,zahlentechnisch,finanztechnisch,in Zahlen gesehen,kauftechnisch,in Zahlen gesehen,buchungstechnisch,fiskalisch,(markt-)wirtschaftlich,ökonomisch,geschäftlich,gewerblich,kommerziell
keiner,niemand,,,,,,,,,,,
Kellner,Servicekraft,Bedienung,,,,,,,,,,
Keramiker,Keramikfachkraft,,,,,,,,,,,
Kernwählerschaft,Kernwahlvolk,Kernstimmvolk,,,,,,,,,,
KfZ-Mechaniker-Innung,KfW-Handwerks-Innung,KfZ-Innung,,,,,,,,,,
Kinderarztpraxis,Praxis für Kinderheilkunde,,,,,,,,,,,
Kindergärtner,pädagogische Fachkraft,Erziehungskraft,Kita-Fachkraft,,,,,,,,,
Kindermädchen,Kinderbetreuung,Aupair,,,,,,,,,,
Kindertagepfleger,Kindertagespflegeperson,,,,,,,,,,,
Kläger,klagende Person,,,,,,,,,,,
Klassensprecher,Klassenvertretung,,,,,,,,,,,
Kleinbauern,kleine Landwirtschaftsbetriebe,,,,,,,,,,,
Klient,ratsuchende Person,Beratung in Anspruch nehmende Person,"Person, die in die Beratung kommt",Fall,Besuch,,,,,,,
Klienten,Klientel,Ratsuchende,,,,,,,,,,
Klientenkontakt,Klientelkontakt,,,,,,,,,,,
klientenorientiert,orientiert am Bedarf der ratsuchenden Person,,,,,,,,,,,
Klientenzahl,Zahl der Ratsuchenden,,,,,,,,,,,
Koch,leitende Küchenfachkraft,Küchenpersonal,Kochprofi,Lebensmittel verarbeitende Person,in der Küche arbeitende Person,,,,,,,
Kollege,mitarbeitende Person,Teammitglied,,,,,,,,,,
Kollegen,Kollegschaft,Kollegium,Teammitglieder,,,,,,,,,
Kolonialherr,Kolonialmacht,Suzerän,,,,,,,,,,
Kolonialherren,Kolonialmächte,,,,,,,,,,,
Komiteegründer,Komiteegründung,,,,,,,,,,,
Kommentator,kommentierender Pressemensch,kommentierende Presse,,,,,,,,,,
Kommentatoren,Kommentar von Medienschaffenden,,,,,,,,,,,
Kommilitone,mitstudierende Person,,,,,,,,,,,
Kommissionierer,Mitarbeitende in der Warenzusammenstellung,,,,,,,,,,,
Kommunist,kommunistisch (orientierte) Person,,,,,,,,,,,
Komparse,stumme Rolle,Person ohne Sprechrolle,Nebenfigur,,,,,,,,,
Kompetenzträger,Kompetenz tragende Person,,,,,,,,,,,
Komponist,musikschaffende Person,kompositionstätige Person,,,,,,,,,,
Komponisten,Musikschaffende,Kompositionstätige,,,,,,,,,,
Konfirmand,zu konfirmierende Person,Konfi,,,,,,,,,,
Konfirmanden,zu Konformierende,Konfis,Jugendliche in der Konfirmationsvorbereitung,,,,,,,,,
Konfirmandenunterricht,Konfirmationsunterricht,,,,,,,,,,,
Königsdisziplin,anspruchvollste Disziplin,Spitzendisziplin,,,,,,,,,,
Königsklasse,Oberliga,höchste Klasse,,,,,,,,,,
Konkurrent ,Konkurrenz,,,,,,,,,,,
Konstrukteure,Konstruierende,,,,,,,,,,,
Konsumenten ,Konsumierende,Kundschaft,einkaufende / konsumierende Zielgruppe,,,,,,,,,
Kontrahent,Gegenüber,,,,,,,,,,,
Kontoinhaber,kontoinhabende Person,kontoführende Person,,,,,,,,,,
Koordinator,Koordination,,,,,,,,,,,
Körperspender,Körperspende,,,,,,,,,,,
Kraftfahrer,fahrzeugführende Person,,,,,,,,,,,
Krankenpfleger,Pflegefachkraft,Pflegekraft,Pflegefachperson,,,,,,,,,
Krankenschwester,Pflegefachkraft,Pflegekraft,Pflegefachperson,,,,,,,,,
Krankenschwestern,Pflegekräfte,Pflegepersonal,Beschäftigte in der Krankenpflege,professionell Pflegende,Pflegende,,,,,,,
Kranker,kranke Person,,,,,,,,,,,
Kreditnehmer,kreditnehmende Person,,,,,,,,,,,
Kriegerkodex,Kodex der Kämpfenden,,,,,,,,,,,
Kriegsverbrechertribunal,Tribunal für Kriegsverbrechen,,,,,,,,,,,
Kriminalbeamter,Person im Beamtenverhältnis bei der Kriminalpolizei,,,,,,,,,,,
Küchenhelfer,Küchenhilfe,,,,,,,,,,,
Kümmererin,fürsorgliche Person,kümmernder Mensch,fürsorgliches Teammitglied/Chormitglied/... ,,,,,,,,,
Kunde,Kundschaft,Klientel,kaufende Person,konsumierende Person,Mensch,Person,nutzende Person,Client,,,,
Kunden,Kundschaft,Klientel,kaufende Personen,Menschen,Personen,Nutzende,Auftraggebende,Nachfrage,Zielgruppe,Kaufinteressierte,,
Kundenauftrag,Auftrag durch Kundschaft,Auftrag,,,,,,,,,,
Kundenbedürfnisse,Bedürfnisse der Kundschaft,,,,,,,,,,,
Kundenberater,Beratung der Kundschaft,,,,,,,,,,,
Kundenberatung,Beratung der Kundschaft,,,,,,,,,,,
Kundenbetreuer,Betreuung der Kundschaft,,,,,,,,,,,
Kundenbewertungen,Bewertungen,Bewertungssterne,Sterne-Bewertungen,,,,,,,,,
Kundendienst,Service,Support,,,,,,,,,,
kundenfreundlich,praktisch zu bedienen,publikumsfreundlich,nutzungsfreundlich,,,,,,,,,
Kundenkontakt,Menschenkontakt,Kontakt zur Kundschaft,,,,,,,,,,
Kundenkonto,Nutzungskonto,,,,,,,,,,,
kundenorientiert,publikumsorientiert,,,,,,,,,,,
Kundenprojekt,Kundschaftsprojekt,,,,,,,,,,,
Kundenreferenz,Referenz,,,,,,,,,,,
Kundenservice,Service,,,,,,,,,,,
Kundenstamm,treue Kundschaft,feste Kundschaft,Kundschaftsstamm,Klientelstamm,,,,,,,,
Kundenwerbung,Akquise,,,,,,,,,,,
Kundenwünsche,Wünsche der Kundschaft,,,,,,,,,,,
Kundenzufriedenheit,Zufriedenheit der Kundschaft,,,,,,,,,,,
Kunstfreunde,Kunstbegeisterte,,,,,,,,,,,
Künstler,Act,,,,,,,,,,,
Künstlername,(künstlerisches) Pseudonym,Kunstname,,,,,,,,,,
Kuratoren,Kuratierende,kuratorische Leitung,,,,,,,,,,
Kursadministrator,"Person, die den Kurs leitet",Kursadmin,,,,,,,,,,
Kursbetreuer,Kursbetreuung,,,,,,,,,,,
Kursleiter,Kursleitung,kursleitende Person,,,,,,,,,,
Kursteilnehmer,am Kurs teilnehmende Person,,,,,,,,,,,
Kurzarbeitergeld,Kurzarbeitsgeld,,,,,,,,,,,
Laborant,Laborfachkraft,,,,,,,,,,,
Laborarbeiter,Laborfachkraft,,,,,,,,,,,
Lagerist,Lagerfachkraft,im Lager arbeitende Person,,,,,,,,,,
Laie,Mensch ohne Fachkenntnisse,fachunkundige Person,fachfremde Person,,,,,,,,,
Laien,Fachunkundige,Fachfremde,Nichtkundige,,,,,,,,,
Landnutzer,landnutzende Personen,,,,,,,,,,,
Landrat,Landkreisleitung,Kreisverwaltungsleitung,Landratsamtsleitung,Dienststellenleitung,Amtsvorstand,,,,,,,
Landsmänner,Landsleute,,,,,,,,,,,
Landwirt,Landwirtschaft betreibende Person,,,,,,,,,,,
Landwirte,Landwirtschaft Betreibende,landwirtschaftlich Beschäftigte,Beschäftigte in der Landwirtschaft,,,,,,,,,
Lastkraftwagenfahrer,Lastkraftwagen fahrende Person,,,,,,,,,,,
Läufer,laufsporttreibende Person,,,,,,,,,,,
Lebenspartner,Liebesmensch,Lebensmensch,,,,,,,,,,
Lehrer,Lehrperson,Lehrkraft,,,,,,,,,,
Lehrerberuf,Lehrberuf,,,,,,,,,,,
Lehrerkonferenz,Kollegiumskonferenz,Konferenz,Konferenz der Lehrkräfte,Besprechung der Lehrkräfte,,,,,,,,
Lehrerpult,Tisch/Pult der Lehrkraft,Schreibtisch,,,,,,,,,,
Lehrerzimmer,Arbeitszimmer der Lehrkräfte,Teamraum,,,,,,,,,,
Lehrling,Nachwuchskraft,Person in Ausbildung,auszubildende Person,lernende Person,,,,,,,,
Lehrlinge,Auszubildende,Lernende,,,,,,,,,,
Lehrstuhlinhaber,Leitung des Lehrstuhles,,,,,,,,,,,
Lehrstuhlleiter,Leitung des Lehrstuhls,,,,,,,,,,,
Leibeigener,leibeigene Person,,,,,,,,,,,
Leistungsträger,refinanzierende Ämter und Behörden,,,,,,,,,,,
Lektor,das Lektorat,,,,,,,,,,,
Lektorstelle,Lektoratsstelle,,,,,,,,,,,
Lernbegleiter,lernbegleitende Person,,,,,,,,,,,
Lernender,lernende Person,,,,,,,,,,,
Leser,lesende Person,,,,,,,,,,,
Leserausweis,Leseausweis,Bibliotheksausweis,,,,,,,,,,
Leserbrief,Zuschrift / Kommentar zum Artikel xy,,,,,,,,,,,
Leserbriefe,Ihre Kommentare/Meinungen,offene Zuschriften,,,,,,,,,,
leserfreundlich,lesefreundlich,,,,,,,,,,,
Lesermarkt,Markt der Lesenden,Lesendengeschäft,,,,,,,,,,
Lieferant,Lieferfirma,lieferndes Unternehmen,Lieferunternehmen,,,,,,,,,
Linkshänder,linkshändige Person,,,,,,,,,,,
Literaturkritiker,Literatur kritisierende Person,,,,,,,,,,,
Lobbyist,Interessen vertretende Person,,,,,,,,,,,
Logopäde,(medizinische) Fachkraft für Logopädie,,,,,,,,,,,
Mädchen für alles,Mensch für alles,,,,,,,,,,,
Mädchenname,Geburtsname,,,,,,,,,,,
Magier,(schwarze) Zauberkunst ausübende Person,,,,,,,,,,,
Maklerverbund,Maklerei,,,,,,,,,,,
Maler,Werkschaffende Person der Malerei,Wandgestaltende Person,,,,,,,,,,
man,Sie,viele,wir,ich,,,,,,,,
Manager,Management,Unternehmensführung,Führungskraft,,,,,,,,,
manch einem,manch einer Person,,,,,,,,,,,
Mandant,Mandantschaft,auftraggebende Person,,,,,,,,,,
Mandatsträger,Mandat innehabende Person,mandatstragende Person,,,,,,,,,,
Manipulant,manipulierende Person,,,,,,,,,,,
mannlos,personenlos,computergesteuert,autonom,unbesetzt,selbstständig,,,,,,,
mannshoch,lebensgroß,,,,,,,,,,,
Manntage,Arbeitstage,Leistungstage,Personentage,,,,,,,,,
Mannsbild,"gestandene Person, Powermensch",,,,,,,,,,,
Mannschaft,Team,Gruppe,Kollektiv,,,,,,,,,
Mannstunde,Personenstunde,,,,,,,,,,,
Manpower,Arbeitskraft,Humanpower,,,,,,,,,,
Marktakteure,Am Markt agierende Menschen und Institutionen,,,,,,,,,,,
Masterand,studentische Stelle zur Anfertigung der Masterarbeit,,,,,,,,,,,
Mathematiker,mathematisch qualifizierte Person,sich mit Mathematik befassende Person,,,,,,,,,,
Mechaniker,Fachkraft für Mechanik,,,,,,,,,,,
Mechatroniker,Fachkraft für Mechatronik,,,,,,,,,,,
Mediator,Mediation,Mediationsperson,Mediation anbietende Person,,,,,,,,,
Medienpartner,in Medienpartnerschaft mit ... ,,,,,,,,,,,
Mehrbenutzerfunktion,Funktion für mehrere Nutzende,,,,,,,,,,,
Meinungsführer,meinungsführende Person,,,,,,,,,,,
Meinungskontrahent,Meinungsgegenpart,,,,,,,,,,,
Meisterschaft,Turnier,Wettbewerb,,,,,,,,,,
Mentee,begleitete Person,beratene Person,geförderte Person,Person in Ausbildung,durch Mentoring begleitete/unterstützte Person,,,,,,,
Mentor,Vorbild,fürsprechende Person,beratende Person,fördernde Person,Begleitung,Kontaktperson,Ansprechperson,Ausbildungsbeauftragte Person,,,,
Mieter,Mietperson,Mietpartei,,,,,,,,,,
Mieterverein,Mietverein,Mietvertretung,,,,,,,,,,
Migrant,Person mit Migrationshintergrund,eingewanderte Person,der/die Migrierte,,,,,,,,,
Milchmädchenrechnung,Trugschluss,Irrtum,falsche Erwartung,Fehlschluss,Illusion,,,,,,,
Mindestteilnehmerzahl,Mindestanzahl Teilnehmende,,,,,,,,,,,
Minister,Ressortleitung,,,,,,,,,,,
Ministerpräsidenten,MPs,Landesoberhaupt,Vorsitz der Resortleitenden,,,,,,,,,
Ministrant,Mini,,,,,,,,,,,
Ministranten,Minis,,,,,,,,,,,
Mitarbeiter,Arbeitskraft,Teammitglied,,,,,,,,,,
Mitarbeiterausweis,Firmenausweis,Mitarbeitendenausweis,MA-Ausweis,,,,,,,,,
Mitarbeiterbeurteilung,Personalbeurteilung,Angestelltenbeurteilung,,,,,,,,,,
Mitarbeiterführung,Personalmanagement,Personführung,Personalpolitik,,,,,,,,,
Mitarbeitergespräch,Dienstbesprechung,Qualifikationsgespräch,Arbeitsgespräch,Beurteilungsgespräch,Jahresgespräch,Beschäftigtengespräch,Personalgespräch,Mitarbeitendengespräch,,,,
Mitarbeitermobilität,Mobilität der Mitarbeitenden,Mitarbeitendenmobilität,,,,,,,,,,
Mitarbeiterorientierung,orientiert an den Mitarbeitenden,Mitarbeitendenorientierung,,,,,,,,,,
Mitarbeiterperspektive,Perspektive der Mitarbeitenden,Perspektive der Belegschaft,,,,,,,,,,
Mitarbeiterschulung,Schulung,Schulung der Belegschaft,MA-Schulung,Schulung der Mitarbeitenden,,,,,,,,
Mitarbeitersuche,Personalsuche,Mitarbeitendensuche,,,,,,,,,,
Mitarbeiterstellen ,Stellen für Mitarbeitende,Arbeitsplätze,,,,,,,,,,
Mitarbeiterverpflegung,Personalverpflegung,,,,,,,,,,,
Mitbürger,Mitmensch,,,,,,,,,,,
Mitfahrergelegenheit,Mitfahrgelegenheit,,,,,,,,,,,
Mitglieder,Angehörige,Teil von ... ,,,,,,,,,,
Mitläufer,Folge leistende Person,involvierte Person,passives Engagement,passive Rolle,mitlaufende Person,,,,,,,
Mittelsmann,Mittelsperson,Mittelsmensch,,,,,,,,,,
Moderator,Moderation,moderierende Person,,,,,,,,,,
Moderatoren,Moderationsteam,Moderierende,,,,,,,,,,
Mönch,Ordensperson,,,,,,,,,,,
Mönche,Ordensleute,,,,,,,,,,,
Monteur,montierende Person,,,,,,,,,,,
Mörder,einen Mord begehende Person,mordende Person,,,,,,,,,,
Müllmann,Müll entsorgende Person,Fachkraft für Kreislauf- und Abfallwirtschaft,,,,,,,,,,
Müllmänner,Beschäftigte der Müllabfuhr,Müllabfuhr,,,,,,,,,,
Multiplikator,"Person, die Informationen/Wissen weitergibt",Wissen/Informationen weitergebende Person,,,,,,,,,,
Museologe,museumswissenschaftliches Fachpersonal,,,,,,,,,,,
Musiker,Act,,,,,,,,,,,
Muslim,Mensch muslimischen Glaubens,,,,,,,,,,,
Musterknabe,Vorbild,Musterschulkind,,,,,,,,,,
Mutter,Elternteil,,,,,,,,,,,
Mütterberatung,Elternberatung,,,,,,,,,,,
Muttermal,Pigmentstörung,Leberfleck,,,,,,,,,,
Muttersprache,Erstsprache,erste Sprache,Hauptsprache,Elternsprache,,,,,,,,
Muttersprachler,Person mit der Erstsprache XYZ,"Person, die XYZ als Erstsprache spricht",xyz-erstsprachliche Person (z.B. polnisch-erstsprachliche Person),,,,,,,,,
Nachbarn,nebenan Wohnende,Hausgemeinschaft,,,,,,,,,,
Nachbarschaft,Umgebung,,,,,,,,,,,
Nachfahren,Nachkommenschaft,Nachkommen,,,,,,,,,,
Nachfolger,Nachfolge,,,,,,,,,,,
Nachrücker,nachrückende Person(en),,,,,,,,,,,
Nächster,nächste Person,,,,,,,,,,,
Nachtschwärmer,Nachtmensch,Partymensch,,,,,,,,,,
Näherinnen,Nähende,,,,,,,,,,,
Nationalmannschaft,Nationalteam,,,,,,,,,,,
Naturbursche,Naturmensch,,,,,,,,,,,
Nebenmann,nebenstehende Person,,,,,,,,,,,
Neffen und Nichten,Kinder der Geschwister,,,,,,,,,,,
Neueinsteiger,Nachwuchs,neu im Geschäft,unerfahrene Person,Grünschnabel,Mensch ohne Vorkenntnisse,,,,,,,
Nichtraucher,nicht rauchende Person,,,,,,,,,,,
Nonne,Ordensperson,,,,,,,,,,,
Nonnen,Ordensleute,,,,,,,,,,,
Notar,notariell arbeitende Person,,,,,,,,,,,
Nutzer,(be-)nutzende Person,"Person, die ... nutzt",,,,,,,,,,
Nutzerdaten,(persönliche) Nutzungsdaten,Datenspuren,Daten der Nutzenden,,,,,,,,,
Nutzerentgelte,Nutzungsentgelte,,,,,,,,,,,
Nutzergemeinde,Community,Netzwerk,,,,,,,,,,
Nutzergruppe,mit (folgenden) Aufgaben betrauter/arbeitender Personenkreis,Nutzungsgruppe,,,,,,,,,,
Nutzerhandbuch,Handbuch,Nutzungshandbuch,,,,,,,,,,
Nutzerkonto,Account,Konto,Zugang,,,,,,,,,
nutzerorientiert,menschzentriert,nutzungsfreundlich,nutzungsorientiert,,,,,,,,,
Nutzerzufriedenheit,Zufriedenheit mit der Nutzung,Bedienzufriedenheit,,,,,,,,,,
Oberarzt,ärztliche Führungskraft,fachärztliche Leitung,,,,,,,,,,
Oberbürgermeister,Stadtoberhaupt,,,,,,,,,,,
Obmann,Obmensch,schiedsrichtende Person,,,,,,,,,,
Ökonom,ökonomisch ausgebildete Person,,,,,,,,,,,
Ökonomen,ökonomisch Ausgebildete,,,,,,,,,,,
Ombudsmann,Ombudsperson,,,,,,,,,,,
Opportunisten,eine die Gelegenheit ergreifende Person,,,,,,,,,,,
Organisatoren,Organisation,Organisationsteam/-komitee,organisiert von ...,Organisierende,,,,,,,,
Otto Normalverbraucher,Durchschnittsmensch,,,,,,,,,,,
Pächter,pachtende Person,,,,,,,,,,,
Pädagoge,pädagogische Fachkraft,,,,,,,,,,,
Paketbote,Paketzustellung,,,,,,,,,,,
Papst,Oberhaupt der katholischen Kirche,,,,,,,,,,,
Parteichef,Parteivorsitz,,,,,,,,,,,
Partner,Gegenüber,,,,,,,,,,,
Partnerarbeit,Zweierarbeit,Paararbeit,Tandemarbeit,,,,,,,,,
Partnerländer,Kooperationsländer,,,,,,,,,,,
Partnerorganisation,(mit uns) kooperierende Institution,,,,,,,,,,,
Partnerschaft,Beziehung,Kooperation,Zusammenarbeit,Tandem,,,,,,,,
Partnersuche,Lebensmenschsuche,Verbündetensuche,Seelenverwandtensuche,,,,,,,,,
Partnerwahl,Wahl eines Lebensmenschen,,,,,,,,,,,
Passagier,reisende Person,,,,,,,,,,,
Passagiere,Reisende,,,,,,,,,,,
Passagierflugzeug,Reiseflugzeug,,,,,,,,,,,
Passanten ,Passierende,einen Ort passierende Personen,den Gehweg nutzende Personen,,,,,,,,,
Passantenbefragung,Straßenbefragung,,,,,,,,,,,
Passinhaber,im Besitz eines Passes,,,,,,,,,,,
Pate,Patenamt,Patenschaft,,,,,,,,,,
Pathologe,ärztliche Fachkraft für Pathologie,,,,,,,,,,,
Patient,zu behandelnde Person,kranke Person,zu versorgende Person,(Fach-)Beratung aufsuchende Person,"Person, die sich in medizinische Hände begibt",Hilfesuchende Person,stationär aufgenommene Person,die uns anvertraute Person,"Person, die medizinische Hilfe benötigt",,,
Patientencharakteristik,Betroffenencharakteristik,Erkranktencharakteristik,,,,,,,,,,
Patienteninformation,Information,,,,,,,,,,,
Patientenkontakt,Betroffenenkontakt,,,,,,,,,,,
patientennah,Point-of-Care,,,,,,,,,,,
Patientenverfügung,Verfügung(en) für betreuende Personen,,,,,,,,,,,
Patientenversorgung,ärztliche Versorgung,Behandlung,Pflege,,,,,,,,,
Patientenzimmer,Gesundungszimmer,Heilungszimmer,Zimmer,,,,,,,,,
Pazifist,"Person, die für Frieden einsteht",friedensengagierte Person,,,,,,,,,,
Pazifisten,Friedensbewegte,,,,,,,,,,,
Pendlerpauschale,Entfernungspauschale,Pendelpauschale,Pauschale für Pendelnde,"Pauschale für Menschen, die pendeln",,,,,,,,
Personalentwickler,Personalentwicklung,,,,,,,,,,,
Personalleiter,Personalleitung,,,,,,,,,,,
Personalrat,Mitglied des Personalrates,,,,,,,,,,,
Personalräte,Mitglieder des Personalrates,der Personalrat,Mitarbeitendenvertretung,,,,,,,,,
Pfadfinder,Scout,,,,,,,,,,,
Pfarrer,Pfarrperson,,,,,,,,,,,
Pfleger,Pflegekraft,,,,,,,,,,,
Pförtner,Pfortenpersonal,,,,,,,,,,,
Philosoph,gelehrte Person,,,,,,,,,,,
Philosophen,Gelehrte,,,,,,,,,,,
Physiker,Person mit abgeschlossenem Physikstudium,,,,,,,,,,,
Physiotherapeut,Physiotherapie praktizierende Person,,,,,,,,,,,
Pilot,flugzeugführende Belegschaft,,,,,,,,,,,
Pilotlabor,Koordinationslabor,Koordinierungslabor,,,,,,,,,,
Pilotphase,Testphase,Probebetrieb,,,,,,,,,,
Pilotprojekt,Versuchsvorhaben,Versuchsprojekt,Testphase,,,,,,,,,
Pionier,vorkämpfende Person,,,,,,,,,,,
Pionierarbeit,wegbereitende Arbeit,bahnbrechende Leistung,,,,,,,,,,
Poet,lyrikschaffende Person,,,,,,,,,,,
Politiker,Mensch in der Politik,Mitglied der Politik,in der Politik tätige Person,Teil der Legislative,,,,,,,,
Polizist,Polizeikraft,Polizei,,,,,,,,,,
Polsterer,Polsterfachkraft,,,,,,,,,,,
Postbote,Postzustellung,,,,,,,,,,,
Powerfrau,Powermensch,gestandene Person,,,,,,,,,,
Praktikant,eine ein Praktikum absolvierende Person,eine Person im Praktikum,eine sich in einem Praktikum(verhältnis) befindende Person,,,,,,,,,
Praktikanten,Auszubildende im Praktikum,,,,,,,,,,,
Praktikantenstelle,Praktikumsstelle,,,,,,,,,,,
Präsident,Staatsoberhaupt,Vorsitz,,,,,,,,,,
Präsidentenwahl,Präsidentschaftswahl,,,,,,,,,,,
Praxispartner,Praxisbeteiligte,Praxismitbetreibende,Praxisunternehmen,Einrichtung zur praktischen Vertiefung,,,,,,,,
Preisträger,ausgezeichnete Person,,,,,,,,,,,
Pressesprecher,Pressevertretung,Öffentlichkeitsarbeit,Pressestelle,,,,,,,,,
Proband,Testperson,Versuchsperson,,,,,,,,,,
Probanden,Testpersonen,Versuchspersonen,Teilnehmende,,,,,,,,,
Produzent ,die Produktionsleitung innehabende Person,,,,,,,,,,,
Produzenten,Produzierende,Produktionsteam,,,,,,,,,,
Professor,eine Professur innehabende Person,Prof.,,,,,,,,,,
Professoren,Professorenschaft,,,,,,,,,,,
Professorenstelle,Professorale Stelle,,,,,,,,,,,
Profi ,Fachperson,Person mit Fachwissen/Fachkenntnis,,,,,,,,,,
Profis ,Sachkundige,Fachleute,Sachverständige,,,,,,,,,
Programmierer,programmierende Person,,,,,,,,,,,
Projektentwickler,Projektentwicklung,,,,,,,,,,,
Projektleiter,Projektleitung,,,,,,,,,,,
Projektträger,Projektträgerschaft,,,,,,,,,,,
Prokurist,Person mit Prokura,bevollmächtigte Person,,,,,,,,,,
Prokuristen,Personen mit Prokura,Prokura Innehabende,Prokura Ausübende,,,,,,,,,
Prominenter,prominente Persönlichkeit,,,,,,,,,,,
Prostituierte,im Sexgewerbe tätige Person,sich prostituierende Person,,,,,,,,,,
Protagonist,Figur,Hauptperson,Hauptfigur,zentrale Gestalt,Schlüsselfigur,Titelrolle,,,,,,
Protagonisten,Hauptpersonen,Hauptfiguren,zentrale Gestalten,Schlüsselfiguren,Titelrollen,Aktive,,,,,,
Protokollführer,protokollführende Person,,,,,,,,,,,
Prüfer,Prüfungsleitung,Prüfungsabnahme durch ...,geprüft von ... ,"Person, die prüft",prüfende Person,,,,,,,
Prüfling,zu prüfende Person,,,,,,,,,,,
Prüfstatiker,Statik prüfende Person,,,,,,,,,,,
Psychologe,psychologische Fachkräfte,,,,,,,,,,,
Psychotherapeut,psychotherapeutisches Fachpersonal,psychotherapeutische Fachkraft,,,,,,,,,,
Putzfrau,Reinigungspersonal,Reinigungskraft,Raumpflege,,,,,,,,,
Querdenker,Querkopf,kreativer Kopf,,,,,,,,,,
Rabbiner,Mitglied des Rabbinats,,,,,,,,,,,
Rassist,rassistische Person,,,,,,,,,,,
Räuberleiter,Steighilfe,Raubleiter,Baumleiter,Dachlattentreppe,,,,,,,,
Raucherabteil,Abteil für Rauchende,Abteil zum Rauchen,,,,,,,,,,
Raucherbereich,Bereich für Rauchende,Bereich zum Rauchen,Rauchbereich,,,,,,,,,
Raucherpause,Zigarettenpause,,,,,,,,,,,
Rechnungsempfänger,die Rechnung empfangende Person,,,,,,,,,,,
Rechnungsprüfer,Rechnungsprüfung,"Person, die die Rechnungsprüfung macht","Person, die für die Rechnungsprüfung verantwortlich ist",,,,,,,,,
Rechthaber,rechthaberischer Mensch,,,,,,,,,,,
Rechtsanwalt,Rechtsvertretung,,,,,,,,,,,
Rechtsanwälte,Angehörige rechtsberatender Berufe,,,,,,,,,,,
Rechtshänder,rechtshändige Person,,,,,,,,,,,
Recruiter,rekrutierende Person,,,,,,,,,,,
Redakteur,Redaktion,Redationsmitglied,,,,,,,,,,
Redner,referierende Person,vortragende Person,,,,,,,,,,
Rednerliste,Redeliste,,,,,,,,,,,
Rednerpult,Redepult,,,,,,,,,,,
Referendar,Lehrkraft im Referendariat,LiV (Lehrkraft im Vorbereitungsdienst),,,,,,,,,,
Referent,referierende Person,vortragende Person,,,,,,,,,,
Referenten,Referierende,Vortragende,,,,,,,,,,
Referententätigkeit,Referierendentätigkeit, Vortragstätigkeit,zuständig für Aufgaben im Referat xyz,zuständig für die Referatsleitung,,,,,,,,
Regierungschef,Staatsoberhaupt,Regierung anführende Person,,,,,,,,,,
Regisseur,Regie,,,,,,,,,,,
Rehasportler,Rehasportinteressierte,,,,,,,,,,,
Reiseleiter,Reiseleitung,,,,,,,,,,,
Reisender,reisende Person,,,,,,,,,,,
Reiseveranstalter,Reiseveranstaltung,Reisebüro,Reiseorganisation,Reisekoordination,Reiseausrichtung,Reiseveranstaltende,,,,,,
Reiter,"Person, die reitet",,,,,,,,,,,
Rekrut,Nachwuchs (der Grundausbildung in der Bundeswehr),,,,,,,,,,,
Rektor,Schulleitung,,,,,,,,,,,
Rentner,Person im Ruhestand,Person in Rente,,,,,,,,,,
Reporter,Presse,berichterstattende Person,Medienvertretung,,,,,,,,,
Repräsentanten,Vertretung,,,,,,,,,,,
Rettungsassistent,Rettungsassistenz,mitarbeitende Person im Rettungsdienst,,,,,,,,,,
Rettungssanitäter,Rettungskraft,Rettungssanitätsdienst,,,,,,,,,,
Rettungsschwimmer,aus dem Wasser rettende Person,,,,,,,,,,,
Rettungshelfer,Rettungshilfe,rettungshilfeleistende Person,,,,,,,,,,
Rezeptionist,Empfang,Person/Personal am Empfang,Rezeption,,,,,,,,,
Rezipient,rezipierende Person,empfangende Person,,,,,,,,,,
Rezipienten,Rezipierende,Publikum,,,,,,,,,,
Richter,rechtsprechende Person,,,,,,,,,,,
Ritter,Mensch in Rüstung,,,,,,,,,,,
Rivale,Konkurrenz,Gegenpart,,,,,,,,,,
Rollstuhlfahrer,Person im Rollstuhl,,,,,,,,,,,
Ruderer,rudernde Person,,,,,,,,,,,
Sachbearbeiter,Verwaltungskraft,,,,,,,,,,,
Sachbearbeiternummer,Kennnummer,Verwaltungsnummer,Nummer der zuständigen Verwaltungskraft,,,,,,,,,
Sachverständiger,Person mit Sachverstand in ... ,,,,,,,,,,,
Salafist,salafistische Person,,,,,,,,,,,
Sänger,Stimme,Act,,,,,,,,,,
Schatzmeister,Finanzvorstand,Kassenführung,Kassenverwaltung,,,,,,,,,
Schiedsrichter,Spielleitung,schiedsrichtende Person,schiedsrichtendes Gremium,Schiedsgericht,,,,,,,,
Schirmherr,Support,gefördert/unterstützt von... ,,,,,,,,,,
Schirmherrschaft,Support,gefördert/unterstützt von...,Vorstand,Repräsentanz,,,,,,,,
Schlägertyp,gewalttätige Person,,,,,,,,,,,
Schmied,auf die Schmiedekunst spezialisierte Person,,,,,,,,,,,
Schneemann,Schneefigur,,,,,,,,,,,
Schöpfer,(er-)schaffende Person,,,,,,,,,,,
Schreiber,schreibende Person,,,,,,,,,,,
Schriftsteller,bücherschreibende Person,,,,,,,,,,,
Schulbegleiter,Schulbegleitung,,,,,,,,,,,
Schuldiger,schuldige Person,,,,,,,,,,,
Schuldner,die in Schuld stehende Person,,,,,,,,,,,
Schüler,Schulkind,Klassenmitglied,lernende Person,,,,,,,,,
Schüleraustausch,Schulaustausch,,,,,,,,,,,
Schülerausweis,Schulausweis,,,,,,,,,,,
Schülerbegegnung,Schulbegegnung,Klassenbegegnung,,,,,,,,,,
Schülerexperiment,Gruppenexperiment,Klassenexperiment,Einzelexperiment,,,,,,,,,
Schülerfahrtkosten,Schulfahrtkosten,Schulwegkosten,Exkurskosten,Fahrtkosten,,,,,,,,
Schülerlabor,Schullabor,,,,,,,,,,,
Schülerpraktikum,Schulpraktikum,Praktikum in der Schulzeit,,,,,,,,,,
Schülervertreter,"Person, die die Schülerschaft vertritt",Lernendenvertretung,,,,,,,,,,
Schülervorstellungen,Schulaufführungen,Projektvorstellung,Musikaufführung,Theateraufführung,Konzert,Talentshow,Aufführung,,,,,
Schülerzeitung,Schülerschaftszeitung,,,,,,,,,,,
Schulleiter,Schulleitung,,,,,,,,,,,
Schulsozialarbeiter,Fachkraft für Schulsozialarbeit,,,,,,,,,,,
Schulträger,Schulträgerschaft,,,,,,,,,,,
Schulungsleiter,Schulungsleitung,,,,,,,,,,,
Schuster,Schusterwerkstatt,Schusterei,,,,,,,,,,
Schütze,schießende Person,Schuss abgebende Person/Dienstkraft,,,,,,,,,,
Schützenkönig,treffsicherste Person,,,,,,,,,,,
Schwätzer,Person mit losem Mundwerk,Unsinn redende Person,,,,,,,,,,
Schwimmer,schwimmende Person,Mensch mit Spaß am Schwimmen,,,,,,,,,,
Schwimmlehrer,Schwimmlehrkraft,,,,,,,,,,,
Schwimmmeister,Badeaufsicht,,,,,,,,,,,
Schwimmmeisterraum,Raum der Badeaufsicht,,,,,,,,,,,
Seemann,Hochsee-Fachkraft,maritime Fachkraft,,,,,,,,,,
Segler,segelnde Person,Person im Segelsport,,,,,,,,,,
seinerzeit,zu jener Zeit,damals,einst,früher,,,,,,,,
seinesgleichen,von gleicher Art,,,,,,,,,,,
Seiteneinsteiger,Person mit Seiteneinstieg/Quereinstieg,,,,,,,,,,,
Seiteneinsteigerlehrgang,Seiteneinstiegslehrgang,,,,,,,,,,,
Seiteneinsteigerprogramm,Seiteneinstiegsprogramm,,,,,,,,,,,
Sekretärin,Verwaltungskraft,Assistenz,Schreibkraft,Bürokraft,,,,,,,,
Sekretärinnen,Verwaltungskräfte,Verwaltungsfachangestellte,Assistenzen,Schreibkräfte,Bürokräfte,,,,,,,
Selbstabholer,bei Selbstabholung,,,,,,,,,,,
Selbstdarsteller,sich selbst darstellende Person,,,,,,,,,,,
Selbstmörder,einen Selbstmord/Suizid begehende Person,,,,,,,,,,,
Selbstständiger,selbstständig arbeitende Person,,,,,,,,,,,
Sender,gesendet von ... ,,,,,,,,,,,
Senioren,ältere Menschen,Menschen im Rentenalter,,,,,,,,,,
Seniorenbeirat,Älterenbeirat,Ruhestandsbeirat,,,,,,,,,,
Servicemitarbeiter,Service,,,,,,,,,,,
Sexist,sexistische Person,,,,,,,,,,,
Showmaster,Showleitung,Showmoderation,moderierende Person,,,,,,,,,
Sicherheitsbeauftragter,für Sicherheit zuständige/beauftragte Person,für Sicherheitsthemen zuständige/beauftragte Person,,,,,,,,,,
Sieger,Erster Platz,erstplatzierte Person,,,,,,,,,,
Siegerehrung,Bestenehrung,Bestenauszeichnung,Ehrung der gewinnenden Personen,,,,,,,,,
Sitznachbar,Person neben mir,nebenan sitzende Person,,,,,,,,,,
Skeptiker,(an etwas) zweifelnde Person,,,,,,,,,,,
Sklave,versklavte Person,in Sklaverei gehaltene Person,unfreier Mensch,leibeigene Person,,,,,,,,
Sklaven,Versklavte,in Sklaverei Gehaltene,Unfreie,Leibeigene,,,,,,,,
Solist,Solopart,,,,,,,,,,,
Sozialarbeiter,Fachkraft für Soziale Arbeit,,,,,,,,,,,
Sozialpädagoge,sozialpädagogische Fachkraft,,,,,,,,,,,
Sozialversicherungsfachangestellter,in der Sozialversicherung fachangestellte Person,,,,,,,,,,,
Späher,ausspähende Person,,,,,,,,,,,
Sparringspartner,sich mit XY sparrende Person,,,,,,,,,,,
Spaßverderber,Spaßbremse,,,,,,,,,,,
Spaziergänger,Person zu Fuß,spazierende Person,wandernde Person,Wandersperson,,,,,,,,
Spediteur,für den Warentransport beauftragte Person,,,,,,,,,,,
Spekulant,spekulierende Person,,,,,,,,,,,
Spezialistenfunktion,Sachkundigenfunktion,,,,,,,,,,,
Spieler,Teammitglied,,,,,,,,,,,
Spielleiter,Spielleitung,Spielmoderation,,,,,,,,,,
Spielverderber,Spielverderbende Person,Spaßbremse,,,,,,,,,,
Spion,auskundschaftende Person,spionierende Person,,,,,,,,,,
Spitzbubenleiter,Steighilfe,Raubleiter,Baumleiter,Dachlattentreppe,,,,,,,,
Spitzenvertreter,Spitzenvertretung,,,,,,,,,,,
Sprengbefugter,sprengbefugte Person,,,,,,,,,,,
Sprengberechtigter,sprengberechtigte Person,,,,,,,,,,,
Sponsoren,Sponsoring,geldgebende Personen/Firmen,unterstützende Personen/Firmen,Sponsoringkreis,Sponsoringbeteiligte,,,,,,,
Sportfreunde,Mitglieder des/unseres Vereins,,,,,,,,,,,
Sportler,sporttreibende Person,,,,,,,,,,,
Staatsbürgerschaft,Staatsangehörigkeit,Nationalität,,,,,,,,,,
Staatsmänner,Volksbeauftragte,Menschen in der Politik,Mitglieder des Bundestags / Bundesrats / der Regierung / ...,MdB,,,,,,,,
Stadtführer,Stadtführung,Reiseleitung,,,,,,,,,,
Stakeholder,Anspruchsgruppe,Interessenvertretung,,,,,,,,,,
Star,berühmte Persönlichkeit,Berühmtheit,,,,,,,,,,
Steinmetz,Stein bearbeitende Person,,,,,,,,,,,
Stelleninhaber,Stelle ausführende Person,Funktion begleitende Person,,,,,,,,,,
Stellvertreter,Stellvertretung,,,,,,,,,,,
Sterbender,sterbende Person,,,,,,,,,,,
Steuerberater,Steuerberatung,Steuerkanzlei,zu Steuern beratende Person,der steuerberatenden Berufe angehörige Person,,,,,,,,
Steuerberaterpraxis,Steuerberatungspraxis,,,,,,,,,,,
Steuerschuldner,steuerschuldige Person,,,,,,,,,,,
Steuerzahler,steuerzahlende Person,steuerpflichtige Person,,,,,,,,,,
stiefmütterlich,stiefelterlich,achtlos,nachlässig,gleichgültig,lieblos,,,,,,,
Stifterrat,Stiftungsrat,,,,,,,,,,,
Stifterversammlung,Stiftungsversammlung,,,,,,,,,,,
Stimmzähler,Stimmen zählende Person,Stimmen zählendes Mitglied,,,,,,,,,,
Stipendiat,geförderte Person,,,,,,,,,,,
Stipendiaten,Studierende mit Stipendium,Geförderte,,,,,,,,,,
Strafgefangener,Person in Haft,,,,,,,,,,,
Sträfling,Person in Haft,,,,,,,,,,,
Straftäter,straffällige Person,,,,,,,,,,,
Strichmännchen,Strichfigürchen,Strichmensch,Strichmenschlein,,,,,,,,,
Strohmann,Strohmensch,Strohfigur,,,,,,,,,,
Strohmänner,Strohleute,,,,,,,,,,,
Student,Studi,Mitglied der Studierenden,,,,,,,,,,
Studenten,Studierende,Studis,,,,,,,,,,
Studentenjob,Studierendenjob,Studijob,Job,,,,,,,,,
Studentenwerk,Studierendenwerk,,,,,,,,,,,
Studentenwohnheim,Studierendenwohnheim,,,,,,,,,,,
Supervisor,Person mit Führungsverantwortung,,,,,,,,,,,
Supervisoren,Supervidierende,,,,,,,,,,,
Systemadministrator,Systemadmin,Systemadministration,,,,,,,,,,
Systembetreuer,Systembetreuung,,,,,,,,,,,
Tagesmutter,Tagespflege(person),Tagesbetreuung,Kinderbetreuung,,,,,,,,,
Tagesmütter,Tageseltern,,,,,,,,,,,
Talkmaster,Moderation,moderierende Person,,,,,,,,,,
Tante-Emma-Laden,Minimarkt,Laden für Waren des täglichen Bedarfs,,,,,,,,,,
Tanten und Onkel,Geschwister der Eltern,,,,,,,,,,,
Tatbeteiligter,an einer Tat beteiligte Person,,,,,,,,,,,
Täter,Unrechtsperson,,,,,,,,,,,
Täterrolle,Tatbegehende,,,,,,,,,,,
Taucher,Tauchsport ausübende Person,tauchende Person,,,,,,,,,,
Täufling,Taufkind,getauft werdende Person,,,,,,,,,,
Teamleiter,Teamleitung,,,,,,,,,,,
Teampartner,Teammitglied,,,,,,,,,,,
Techniker,technische Fachkraft,,,,,,,,,,,
Technologe,Technologiefachkraft,,,,,,,,,,,
Teilnehmer,mitwirkende Person,teilnehmende Person,,,,,,,,,,
Teilnehmergebühr,Teilnahmegebühr,Kursgebühr,Kosten,,,,,,,,,
Teilnehmerliste,Teilnahmeliste,Anwesenheitsliste,Teilnehmendenliste,,,,,,,,,
teilnehmerorientiert,subjektorientiert,personorientiert,teilnehmendenorientiert,gruppenorientiert,,,,,,,,
Teilnehmerzahl,Teilnahmezahl,Gruppengröße,Anmeldezahl,,,,,,,,,
Terrorist,des Terrors verdächtigte Person,eines Terroranschlags überführte Person,,,,,,,,,,
Terroristen,Terrorisierende,,,,,,,,,,,
Testleiter,Testleitung,,,,,,,,,,,
Theaterpädagoge,theaterpädagogische Fachkraft,,,,,,,,,,,
Therapeut,therapeutisches Fachpersonal,,,,,,,,,,,
Therapeuten,Therapierende,,,,,,,,,,,
Tierarzt,tiermedizinisches Fachpersonal,,,,,,,,,,,
Tierhalter,tierhaltende Person,,,,,,,,,,,
Tierschützer,im Tierschutz engagierte Person,,,,,,,,,,,
Tontechniker,tontechnische Fachkraft,,,,,,,,,,,
Töpfer,töpfernder Mensch,,,,,,,,,,,
Torhüter,torhütende Person,,,,,,,,,,,
Torwart,torhütende Person,,,,,,,,,,,
Tourguide,Tourleitung,Reiseleitung,,,,,,,,,,
Träger,Trägerschaft,verantwortliche Einrichtung/Körperschaft,,,,,,,,,,
Trainer,Übungsleitung,moderierende Person,,,,,,,,,,
Trauzeuge,die Trauung bezeugende Personen,Trauungsbegleitung,,,,,,,,,,
Trauzeugen,die Trauung Bezeugende,Trauungsbegleitung,,,,,,,,,,
Treuhänder,treuhändisch beauftragte Person,,,,,,,,,,,
Tüftler,tüftelnde Person,,,,,,,,,,,
Turnschwestern,Turngeschwister,,,,,,,,,,,
Tutor,studentische Hilfskraft,Übungsgruppenleitung,Tutoriumsleitung,,,,,,,,,
Tutoren,Übungs(an)leitende,Tutoriumsbegleitende,Ratgebende,Begleitung,studentische Hilfskräfte,,,,,,,
Überbringer,überbringende Person,,,,,,,,,,,
übermannen,überkommen,überwältigen,,,,,,,,,,
Übungsleiter,sportliche/technische/praktische Anleitung,anleitende Person,,,,,,,,,,
Unbekannter,unbekannte Person,,,,,,,,,,,
unbemannt,ohne Besatzung,maschinengesteuert,autonom,ferngesteuert,unbesetzt,robotisch,personenlos,,,,,
Unternehmer,Gewerbe betreibende Person,selbstständige Person,,,,,,,,,,
Unterstützer,support,Förderung durch ...,unterstützendes Unternehmen,unterstützende Person,,,,,,,,
Unterzeichner,unterzeichnende Person,unterzeichnende Partei,Unterschrift,,,,,,,,,
Urheber,Person der Urheberschaft,,,,,,,,,,,
Urheberrecht,Recht auf Urheberschaft,,,,,,,,,,,
Urlauber,reisende Person,urlaubende Person,,,,,,,,,,
V-Mann,V-Person,,,,,,,,,,,
V-Männer,V-Leute,,,,,,,,,,,
Vater,Elternteil,,,,,,,,,,,
Vaterland,Heimatland,Geburtsland,Erstland,,,,,,,,,
Veganer,vegan lebende Person,,,,,,,,,,,
Vegetarier,vegetarisch lebende Person,,,,,,,,,,,
Veranstalter,veranstaltet durch/von ... ,Organisation,Ausrichtung,,,,,,,,,
Verantwortlicher,die Verantwortung tragende Person,verantwortliche Person,,,,,,,,,,
Verbraucherschützer,für den Verbraucherschutz beauftragte Person,,,,,,,,,,,
Verbrecher,"Person, die eine Straftat/ein Verbrechen begeht",,,,,,,,,,,
Verbrüderung,Verschwisterung,,,,,,,,,,,
Verbündeter,ein Bündnis einhaltende Person,verbündete Person,,,,,,,,,,
Verfechter,für einen Standpunkt einstehende Person,für ... einstehende Person,,,,,,,,,,
Verfolger,verfolgende Person,,,,,,,,,,,
Verfolgungsakteure,Verfolgende,,,,,,,,,,,
Verhandlungspartner,Verhandlungsgegenseite,Verhandlungsgegenüber,,,,,,,,,,
Verkäufer,Kaufhauspersonal,Personal,Verkaufskraft,Verkaufsperson,,,,,,,,
Verkehrssünder,Verkehrsregeln missachtende/verstoßende Person,,,,,,,,,,,
Verleiher,verleihende Person,,,,,,,,,,,
Verletzter,verletzte Person,,,,,,,,,,,
Verlierer,der letzte Platz,,,,,,,,,,,
Verlobter,verlobte Person,,,,,,,,,,,
Vermieter,vermietende Person,,,,,,,,,,,
Vermittler,Mittelsperson,,,,,,,,,,,
Versender,versendende Person,versendet von ... ,,,,,,,,,,
Versichertenkarte,Versicherungskarte,Gesundheitskarte,Krankenkassenkarte,,,,,,,,,
Versichertennummer,Versicherungsnummer,,,,,,,,,,,
Verstorbener,verstorbene Person,,,,,,,,,,,
Versuchsleiter,Versuchsleitung,,,,,,,,,,,
Verteidiger,Verteidigung,Rechtsvertretung,,,,,,,,,,
Vertragspartner,Vertragspartei,Vertragsperson,,,,,,,,,,
Vertreter,in vertretender Position,Mitglied von ... ,,,,,,,,,,
Verursacher,verursachende Person,,,,,,,,,,,
Verwalter,verwaltende Person/Firma/Institution,Verwaltung,,,,,,,,,,
Verwandter,Familienmitglied,,,,,,,,,,,
Verwender,verwendende Person,,,,,,,,,,,
Veteran,altgediente Person,,,,,,,,,,,
Veteranen,Altgediente,ehemalige Kriegsteilnehmende,,,,,,,,,,
Vizepräsident,Vizevorsitz,Vizepräsidentschaft,Vize,,,,,,,,,
Volontärsbeauftragter,beauftragte Person fürs Volontariat,,,,,,,,,,,
Vordenker,vordenkende Person,Weg bereitende Person,,,,,,,,,,
Vordermann,Person davor,"Person, die davor kam",,,,,,,,,,
Vorgänger,vorangegangene Person,Person vor mir,,,,,,,,,,
Vorgängerprojekt,Vorprojekt,vorangegangenes Projekt,,,,,,,,,,
Vorgängerstudie,Vorstudie,vorangegangene Studie,,,,,,,,,,
Vorgesetzter,Führungskraft,,,,,,,,,,,
Vormund,die Vormundschaft innehabende Person,Vormundschaft,,,,,,,,,,
Vorläufer,älteres/altes Modell,,,,,,,,,,,
Vorreiter,Person an der Spitze,"Person, die etwas vorlebt","Person, die voraus denkt/handelt",,,,,,,,,
Vorreiterrolle,Führungsrolle,,,,,,,,,,,
Vorstand,Vorstandsmitglied,im Vorstand,,,,,,,,,,
Wachmann,Wachpersonal,,,,,,,,,,,
Wählerinitiative,Initiative der Wahlberechtigten,,,,,,,,,,,
Wählerverzeichnis,Wählendenverzeichnis,Wahlverzeichnis,,,,,,,,,,
Wählerstimme,Wahlstimme,,,,,,,,,,,
Wahlmänner,Wahlleute,,,,,,,,,,,
Wanderer,wandernde Person,Person auf Wanderung,,,,,,,,,,
Wart,überwachende Person,,,,,,,,,,,
Wegbegleiter,wegbegleitende Person,Wegbegleitung,,,,,,,,,,
Wegbereiter,Weg bereitende Person,prägende Person,,,,,,,,,,
Wegewart,Wege überwachende Person,,,,,,,,,,,
Weggefährte,Wegbegleitung,,,,,,,,,,,
weltmännisch,kosmopolitisch,weltgewandt,,,,,,,,,,
Werkstudent,Werkstudi,studentische Hilfskraft,studentische Stelle,studentischer Job,,,,,,,,
Werkstudenten,Werkstudierende,,,,,,,,,,,
Werkstudentenstelle,Werkstudierendenstelle,,,,,,,,,,,
Werkzeugmechaniker,Fachkraft für Werkzeugmechanik,,,,,,,,,,,
Wettbewerber,Konkurrenz,Wettbewerbsteilnehmende,,,,,,,,,,
Widersacher,Widerpart,Konkurrenz,,,,,,,,,,
Wikipedianer,Menschen hinter Wikipedia,Mitwirkende bei Wikipedia,,,,,,,,,,
Wilderer,wildernde Person,"Person, die wildert","Person, die unbefugt jagt",,,,,,,,,
Winzer,Weinbau betreibende Person,,,,,,,,,,,
Wissenschaftler,Mensch aus der Wissenschaft,forschende Person,,,,,,,,,,
wissenschaftlicher Mitarbeiter,wissenschaftlich mitarbeitende Person,wissenschaftliche Fachkraft,,,,,,,,,,
wissenschaftliche Mitarbeiter,wissenschaftliche Mitarbeitende,,,,,,,,,,,
Wissensträger,Wissenstragende Person,des Wissens mächtige Person,,,,,,,,,,
YouTuber,auf Youtube arbeitende/performende Person,Person auf Youtube,einen Youtube-Kanal betreibende Person,,,,,,,,,
Zahlungsempfänger,Zahlung empfangende Person,,,,,,,,,,,
Zahnarzt,zahnärztliches Fachpersonal,Fachkraft der Zahnmedizin,zahnmedizinisches Fachpersonal,,,,,,,,,
Zahnarztpraxis,Praxis für Zahnerhaltung,zahnmedizinische Praxis,Praxis für Zahnmedizin,,,,,,,,,
Zauberer,Zaubertrick vorführende Person,(schwarze) Zauberkraft aufübende Person,,,,,,,,,,
Zehnkämpfer,am Zehnkampf teilnehmende Person,,,,,,,,,,,
Zeitgenosse,Mitmensch,,,,,,,,,,,
Zeitwächter,Zeitwache,,,,,,,,,,,
Zeitzeuge,zeitbezeugende Person,vor Ort gewesene Person,,,,,,,,,,
Zeuge,bezeugende Person,,,,,,,,,,,
Zeugen,Bezeugende,,,,,,,,,,,
Zimmerer,Zimmereifachkraft,,,,,,,,,,,
Zimmermädchen,Servicekraft,Raumpflege,Reinigungskraft,,,,,,,,,
Zimmermann,Zimmereifachkraft,,,,,,,,,,,
Zivilist,Zivilperson,,,,,,,,,,,
Zivilisten,Zivilpersonen,,,,,,,,,,,
Züchter,Fachperson Tier-/Pflanzen-/...-Zucht,,,,,,,,,,,
Zugang für Rollstuhlfahrer,barrierefreier Zugang,,,,,,,,,,,
Zulieferer,Zulieferfirma,,,,,,,,,,,
Zuschauer,Person aus dem Publikum,,,,,,,,,,,
Zuschauerquote,Einschaltquote,,,,,,,,,,,
Zuschauerzahl,Publikumszahl,,,,,,,,,,,
Zuständiger,zuständige Person,,,,,,,,,,,
